# The client's tools/i18n/npcscript.en.tsv (Korean, English; \n \t \\ \xNN escapes) plus the lines only the Script table has.
제가 가지고 있는 이 악세서리들은 당신의 기본적인 힘을 키워줄 것입니다. 뱀파이어들과 싸울때 필히 많은 도움이 되리라고 생각합니다. 한번 보시지요.	These accessories of mine will build up your basic strength. I am sure they will be a great help when you fight the vampires. Take a look.
예. 물건들을 볼 수 있을까요?	Yes. May I see your wares?
제 것을 혹시 사실 의향이 있으신가요? 팔고 싶습니다만.	Would you be interested in buying something from me? I have goods to sell.
센터우로(펫) 퀘스트 때문에 왔습니다.	I am here about the Centauro (pet) quest.
지금은 특별히 필요한 것이 없군요.	There is nothing I particularly need right now.
성경책에도 암호가 숨겨져 있다는 사실 알고 있나? 이쪽 계통에서는 다 아는 사실이지.	Did you know there are ciphers hidden in the Bible? Everyone in this line of work knows it.
모든 암호와 비밀이 풀린다고 생각한다면 그건 오산이네.	If you think every cipher and secret can be broken, you are mistaken.
한때는 내가 해독하지 못하는 암호는 없었다네. 요즘이야 컴퓨터가 다 알아서 하지만..	There was a time when no cipher could hold out against me. These days the computers do it all, though...
코난님은 나의 생명의 은인이라네. 그분만큼 뛰어난 슬레이어는 본 적이 없다네.	Conan saved my life. I have never seen a finer slayer than that man.
내가 가진 블루드롭이 자네의 아이템을 더 향상시켜 줄꺼야. 하지만 사람은 기본기가 중요한 법이지. 항상 열심히 수련하게나.	The Blue Drops I carry will improve your items further. But the basics are what matter in a person. Train hard, always.
자네게 부족한 힘이 어떤 것이나 잘 파악해 두라고. 모자란 부분은 아이템으로 보충하는 것도 방법 중의 하나지.	Work out exactly which of your strengths is lacking. Making up the difference with items is one way to go about it.
이런, 손님이 아니시군… 돈이 되지 않는 일은 사절이지만 이번 건은 제법 흥미로운 일이지. 그래, 자격은 갖추고 오셨겠지요?	Well now, you are no customer... I turn down work that does not pay, but this business is rather interesting. So then, I take it you come qualified?
센터우로 퀘스트가 무엇입니까?	What is the Centauro quest?
센터우로 퀘스트를 완료하였습니다. 보상은?	I have completed the Centauro quest. My reward?
드디어 센터우로를 조정하실 능력을 갖추게 되셨군요. 축하 드립니다. 이 센터우로는 아주 유용하지만 섬세한 제품입니다. 아직 신제품 시장에 나오지도 않은 따끈따끈한 신품입니다. E.V.E 지도부에서 제품의 테스트를 의뢰 받고 한정적으로 지급하고 있는 상태입니다. 이 제품을 조종하시려면 아주 미세한 콘트롤에도 능해야 합니다. 아시다시피 전장은 매우 혼잡하니까요. 이제 당신께 기회를 드리겠습니다. 제품 사용을 위한 테스트라고 생각하시면 되겠군요. 당신의 능력에 비추어 볼 때 %(MonsterName) 이 가장 적합하군요. 제한시간 1시간 동안 80마리를 성공적으로 잡아 오시면 테스트를 통과할 수 있습니다. 테스트를 진행하시겠습니까?	So you have finally gained the skill to pilot a Centauro. Congratulations. The Centauro is enormously useful, but it is a delicate machine. It is fresh off the line, not even on the market yet. E.V.E. headquarters asked us to test it, and we are issuing it in strictly limited numbers. Piloting one demands very fine control. The battlefield is a chaotic place, as you know. So I will give you your chance now. Think of it as a test of the machine. Given your abilities, %(MonsterName) suits you best. Bring down 80 of them within one hour and you pass. Shall we begin the test?
수행 하겠습니다.	I will do it.
아니오 다음기회를 이용하겠습니다.	No, I will take you up on it another time.
어서와. 이번엔 또 어디가 말썽인가? 한번 보여주게. 음.... 손볼 데가 많잖아. 이 지경이 될 때까지 나를 찾아오지 않았다니.. 주인으로서 자격이 없는걸. 곧 고쳐볼테니 저기에 놔두겠어?	Welcome back. What is giving you trouble this time? Let me see it. Hmm... plenty of work to do here. To let it get into this state before coming to me... you are hardly a fit owner. I will have it fixed shortly, so leave it over there, would you?
예. 이것 좀 빨리 고쳐주세요.	Yes. Please repair this quickly.
스마이로비치, 이 무기에 은도금을 해주시겠습니까?	Smirovich, would you silver-plate this weapon for me?
보름달 카드를 아이템으로 교환하고 싶습니다.	I would like to trade a Full Moon Card for an item.
그믐달 카드를 아이템으로 교환하고 싶습니다.	I would like to trade a New Moon Card for an item.
복주머니를 아이템으로 교환하러 왔습니다.	I have come to trade a Lucky Pouch for an item.
다음에 수리할때 들르겠습니다.	I will come by the next time I need a repair.
이래뵈도 한때 나도 슬레이어로 활동했었지. 믿지는 못하겠지만.	Believe it or not, I worked as a slayer myself once. You would never guess it.
다들 이십대 후반이라고 봐주더라구. 사실 뭐 이십대 후반이나 삼십대 초반이나 그게 그거지.	Everyone takes me for late twenties. Late twenties, early thirties, what is the difference anyway.
조만간 다들 나를 신의 손이라고 부르는 날이 올꺼야. 하핫.	One of these days they will all be calling me the hand of God. Ha ha!
물론 나도 무료로 고쳐주고 싶지만.. 재료비가 만만찮거든? 자금도 넉넉하지 않고.	Of course I would love to repair things for free, but materials are not cheap, you know. And my funds are hardly generous.
E.V.E에 대한 대부분의 지원금이 무기 구매와 치료비로 나간다는 사실은 알고 있나?	Did you know most of the funding E.V.E. receives goes on buying weapons and paying for treatment?
선물은 유감스럽지만, 모두에게 나누어 줄 수는 없어서 말이지.. 이번에 특별히 유료로 게임을 즐겨준 플레이어들을 위하여 만든 특수한 선물이라네. 만약 자네가 받을 자격이 없다면 미안하지만, 돌아가 보게나.	I am afraid the gifts cannot be handed out to everyone. This one was made especially for the players who paid to enjoy the game. If you are not entitled to one, my apologies, but you had best be on your way.
전 선물을 받을 자격이 있습니다.	I am entitled to a gift.
예, 알겠습니다. 이만 돌아가겠습니다.	Yes, understood. I will be on my way.
선물은 목걸이나 팔찌, 링 중의 하나이며, 옵션이 두개나 붙은 레어 악세서리라네. 악세서리의 단수와 옵션의 정도는 자신의 능력치의 합이 높을수록 좋은 아이템을 얻을 수 있다는 것을 기억해 두게나. 그리고 이 선물은 단 한번만 지급 된다네.	The gift is a necklace, a bracelet or a ring, a rare accessory carrying two options. Remember that the higher the sum of your stats, the better the grade and the options you will get. And the gift is handed out once only.
예. 알겠습니다. 선물을 주십시오.	Yes. Understood. Please give me the gift.
다음에 다시 오겠습니다.	I will come back another time.
자네 어디 다친 곳이라도 있나? 어디 한번 보여주게나. 뱀파이어에게 물렸다면 속히 백신을 맞아야 한다는 것은 잘 알고 있겠지?	Are you hurt anywhere? Let me have a look. You know you need a vaccine at once if a vampire has bitten you, I trust?
잘 부탁드립니다. 아프지 않게 살살 치료해주십시요.	I am in your hands. Treat me gently, please.
치료 앰플같은 것들을 사고 싶습니다.	I would like to buy some treatment ampoules and the like.
제가 가진 물건들을 팔고 싶습니다.	I would like to sell what I am carrying.
부활 위치 지정	Set resurrection point
아뇨. 지금은 치료할 만한 시간도 없는걸요. 가봐야겠습니다.	No. I have no time for treatment right now. I had better go.
내 아내와 딸이 죽어갈때, 책은 아무런 도움도 되지 않았네.	When my wife and daughter were dying, books were no help at all.
내 아들이라서 하는 말이 아니라, 그리픈은 정말 괜찮은 놈일세.	It is not just because he is my son, but Griffin really is a fine young man.
치료비만큼은 상부에서 모자라지 않게 해주니깐, 돈을 낼 필요는 없네. 하하.	Headquarters covers treatment costs in full, so you need not pay a thing. Ha ha.
나는 가끔.. 현실속에서 그날의.. 악몽이 재현되는 것을 보기도 한다네. 아..	Sometimes... I see that day's nightmare play out again in front of me. Ah...
자네도 신앙을 가져야만 하는 절박한 상황이 오지 않으리라는 법이 없지.	There is nothing to say you will never find yourself in a place desperate enough to need faith.
뱀파이어들의 치명적인 독과 산으로부터 당신의 손과 발을 보호하려면 항상 장갑과 신발을 착용하세요. 한번 리스트를 보시겠습니까?	Always wear gloves and boots to protect your hands and feet from the vampires' deadly poisons and acids. Would you like to see the list?
요시하라. 쓸만한 것들이 새로 들어왔나요?	Yoshihara. Has anything worthwhile come in?
이 물건들을 팔고 싶습니다.	I would like to sell these goods.
다음 기회에 들르도록 하지요.	I will stop by another time.
사실 해킹이란 외로운 싸움입니다. 아무나 할 게 아니죠.	Hacking is a lonely fight, really. It is not for everyone.
제 어머님께서 일본인이십니다. 그치만 거의 닮진 않았죠?	My mother is Japanese. Not that I take after her much, do I?
대부분의 다국적 기업들의 진정한 소유자들의 뒤에는 뱀파이어들이 있는 것 같아요.	It seems there are vampires behind the true owners of most of the multinationals.
장갑과 신발이 필요하시면 제게 말씀해주세요.	Come to me if you need gloves or boots.
헬멧이나 방어구들은 산드라에게 가서 말씀해보세요.	For helmets and armour, go and speak to Sandra.
뱀파이어가 만들어내는 독이 피부에 닿을 경우 바로 약품으로 세척해야 합니다.	If a vampire's poison touches your skin, wash it off with chemicals immediately.
제 이름은 크리스토퍼 클레인이에요. 다들 크리스라고 불러요. 여기 에슬라니안시에서 쭉 자랐죠. 부피가 크고 당장에는 쓰지 않는 물건들을 보관하시려면 제게 말해주세요. 조금 비싸지만 한번만 내면 그 다음부터는 무료로 맡아드려요. 저도 뭐 비싸다고 생각은 하지만, 이 가격이야 제가 정한게 아니라서.. 하실 의향이 있어요?	My name is Christopher Klein. Everyone calls me Chris. I grew up right here in Eslanian City. If you have bulky things you will not be needing for a while, tell me. It costs a little, but you pay once and it is free from then on. I think it is pricey myself, but the rate is not mine to set... Care to give it a try?
좋아. 보관하도록 하지. 여기 십만달러.	Fine. I will store some things. Here is a hundred thousand dollars.
내 보관함을 보고 싶은데.. 좀 보여주렴.	I would like to see my storage... show me, would you.
몬스터 사냥 퀘스트에 관하여 궁금한 것이 있는데.	I have some questions about the monster hunting quest.
몬스터 사냥 퀘스트를 완료했는데. 보상을 받고 싶어.	I have finished the monster hunting quest. I would like my reward.
몬스터 사냥 퀘스트를 수행하기 어려울 것 같아.	The monster hunting quest looks too hard for me.
음.. 생각해보도록 하지. 그러면 수고하렴.	Hmm... let me think about it. Keep up the good work.
이 일은 신용이 최고라구요. 아직까지 물건끼리 섞이거나 도난당한 적은 한번도 없었어요.	In this business, trust is everything. Not once has anything been mixed up or stolen.
맡길 물건이 있으면 제게 말씀해주세요.	If you have something to store, just say the word.
저도 빨리 뱀파이어들과 싸우고 싶어요!	I want to get out there and fight the vampires too!
제 애인이 보고 싶어요..	I miss my sweetheart...
안녕하세요?	Hello there.
여기 2층에 그루버가 파는 물건들 보셨나요? 능력치들을 높여주는 악세서리라니. 저같이 아직 수련이 덜 된 분들한테는 큰 도움이 될 거예요.	Have you seen what Gruber sells up on the second floor? Accessories that raise your stats. For someone as green as me, they would be a real help.
이제 블루드롭을 찾아 멀리까지 가지 않어서 편한 것 같아요. 그루버는 어디서 그런 물건들을 다 구한 걸까?	It is a relief not to have to travel far for Blue Drops any more. Where does Gruber find it all, I wonder?
퀘스트는요. 무엇보다도, 퀘스트 아이템을 얻었을 때 가장 좋은 것 같아요. 잠시밖에 사용할 수 없지만 말이죠	The best part of a quest is the quest item you get at the end, I think. Even if you only get to use it for a short while.
아직 많이 부족하지만, 퀘스트에 관하여 많이 공부해 두었어요. 모르는 것이 있으시면 믿고 저에게 물어봐 주세요.	I still have a lot to learn, but I have studied up on the quests. If there is anything you do not know, ask me and I will help.
지금까지 사냥한 몬스터들이 무효로 돌아갑니다. 정말로 퀘스트를 종료하시겠어요?	Every monster you have hunted so far will be forfeited. Do you really want to abandon the quest?
응.	Yes.
아니. 계속할래.	No. I will carry on.
수행중인 퀘스트가 없는걸요. 제가 가진 명단이 잘못되지 않았다면 말이에요.	You have no quest in progress. Unless my list is wrong, that is.
그럼 이만	Goodbye, then.
급한 사정이 생겼다면 어쩔수 없지요. 나중에 언제든 다시 한번 도전해보세요.	If something urgent has come up, there is nothing for it. Come and try again whenever you like.
새로운 헬멧과 방어구, 벨트들이 들어왔어요. 신형 방어구들은 꽤 튼튼하네요. 한번 보시겠어요?	New helmets, armour and belts have come in. The new armour is quite sturdy. Would you like to look?
대규모 사냥터로 가고싶어요.        	I want to go to the large hunting ground.
소규모 사냥터로 가고싶어요.            	I want to go to the small hunting ground.
다음에 다시 들르겠습니다. 안녕히 계세요.	I will come by again next time. Goodbye.
모사드야말로 세계에서 가장 뛰어난 정보기관이라고 할 수 있죠.	Mossad really is the finest intelligence service in the world.
요즘 한니발님은 잘 계시는지 모르겠군요. 한동안 뵙지도 못했는데..	I wonder how Hannibal is keeping these days. It has been a while since I saw him...
방어구들이 필요하시면 제게 말씀해주세요. 좋은 것을 추천해드리죠.	If you need armour, come to me. I will recommend something good.
헬멧을 쓰지 않으면 뱀파이어의 일격에도 목숨을 잃을 수 있어요.	Without a helmet, a single blow from a vampire can cost you your life.
장갑과 신발같은 방어구들은 요시하라에게 가보세요.	For gloves and boots and the like, go and see Yoshihara.
저에게 혹시 방패를 사려고 왔다면 정말 훌륭한 선택입니다. 검을 사용한다면 방패는 필수적이니까요.. 제가 만든 있는 물건을 한번 보시겠습니까? 아마 충분히 만족하실 겁니다.	If you have come to buy a shield, you have made an excellent choice. A shield is essential if you fight with a sword. Would you like to see what I have made? I think you will be more than satisfied.
저 역시 방패가 필요한데.. 괜찮은 것을 추천해주시겠습니까?	I need a shield myself... would you recommend a good one?
하스브로씨, 이것들을 팔고 싶습니다만.. 어떻습니까?	Hasbro, I would like to sell these. What do you say?
이 무기에 은도금을 해 주시겠습니까?	Would you silver-plate this weapon for me?
저에게는 아직 방패가 필요하진 않군요. 수고하십시요.	I do not need a shield just yet. Keep up the good work.
우리 가문은 대대로 그리스의 대장장이였습니다. 저도 마찬가지고요.	My family were blacksmiths in Greece for generations. As am I.
뱀파이어와 싸우기 위해서는.. 특별히 제작된 무기를 사용해야 합니다.	To fight a vampire, you need a weapon made specially for it.
일반적인 검이나 도를 사용해서는 뱀파이어에게 거의 피해를 주지 못합니다.	An ordinary sword or blade will barely scratch a vampire.
안녕하세요? 하스브로 하버만이라고 합니다.	Hello there. Hasbro Haberman, at your service.
성직자에게 축복받은 은으로 만든 무기들은 뱀파이어의 재생력을 떨어뜨립니다.	Weapons forged from silver blessed by a priest slow a vampire's regeneration.
도는 말이지. 힘만으로는 연마하기 힘든 것이라네. 힘도 중요한 조건이지만, 그것에 앞서 절제라는 것을 배워야하네. 자네 자신을 한번 돌아보게. 도를 배울 준비가 되었다고 생각한다면 내가 알고 있는 모든것을 자네에게 전수해주겠네.	The blade, you see, is not something you master by strength alone. Strength matters, but before that you must learn restraint. Take a good look at yourself. If you believe you are ready to learn the blade, I will pass on everything I know.
여와, 제게 기술을 가르쳐 주십시요.	Nuwa, teach me your techniques.
도를 사고 싶습니다. 좀 볼 수 있을까요?	I would like to buy a blade. May I see them?
제가 가지고 있는 물건들을 팔고 싶습니다.	I would like to sell what I am carrying.
다음에 뵙겠습니다. 이만.	I will see you next time. Farewell.
내가 죽인 건 사람이 아니라 뱀파이어였다네. 단지 그 뿐이야.	What I killed were not people. They were vampires. That is all there is to it.
아직도 나는 스스로를 절제할 수 없는 것 같다네.	Even now I do not think I can restrain myself.
검에 비해 도는 무겁고 느리다네. 그걸 명심하게.	Compared to a sword, a blade is heavy and slow. Keep that in mind.
뱀파이어를 만나면 우선 양팔을 날려버리게. 머리는 그 다음이야.	When you meet a vampire, take both arms off first. The head comes after.
하스브로나 스마이로비치에게 가서 무기에 은도금을 해 달라고 하게나.	Go to Hasbro or Smirovich and have them silver-plate your weapon.
검이든 도든 그걸 어떻게 사용하느냐가 중요하네.	Sword or blade, what matters is how you use it.
자네. 검에 대해서 알고 싶은가? 검이란 것은 말일세. 사용하기전 항상 마음을 가다듬고 자신을 정리해야하네. 정신이 흐트러지면 검기 또한 흐트러지기 때문이지. 그러니 검을 사용하기 앞서 자신을 다스리는 일이 중요하네. 검을 다룰 준비가 되었는가?	You. Do you wish to learn the sword? The sword is this: before you use it, you must always still your mind and put yourself in order. A scattered spirit makes for a scattered blade. So mastering yourself comes before wielding the sword. Are you ready to take one up?
미스터 한. 제게 새로운 기술을 전수시켜 주십시요.	Mister Han. Pass on a new technique to me.
기술 연마보다는 새로운 검을 보고 싶습니다.	Rather than training, I would like to see your new swords.
제가 수집해온 검들을 팔고 싶습니다.	I would like to sell the swords I have collected.
다음에 기회가 되면 다시 들르겠습니다.	I will stop by again when I get the chance.
미련한 자들이 내게 소드마스터라고 한다지. 난 아직 멀었어.	Fools call me a sword master. I have a long way to go yet.
좀더 검을 잘 다루게 되면 방패따윈 필요없다네. 검이 곧 방패니깐 말이야.	Handle a sword well enough and you will have no need of a shield. The sword is the shield.
검은 원래 사람을 죽이기 위해서 태어났지만, 사람을 살리는 검도 있다네.	The sword was born to kill, but there are swords that save lives too.
검에 은도금을 하려면 스마이로비치나 하스브로에게 말하게나.	To have a sword silver-plated, speak to Smirovich or Hasbro.
검 실력을 높이려면 하루에 최소한 만번은 휘둘러야하지.	To improve your swordsmanship you must swing at least ten thousand times a day.
검 기술을 배우고 싶으면 언제라도 말하게. 단 기본은 갖춰와야 하네.	Say the word whenever you wish to learn swordsmanship. Only come with the basics in hand.
자네가 만들어놓은 문제들 때문에 지금 상부에서는 골머리를 썩고 있지. 그것들을 내가 처리해 줄 수 있는데. 어때? 하겠는가? 대신 그에 합당한 댓가를 치뤄야하네. 자네가 기부한 돈은 E.V.E의 활동자금으로 사용되니... 좋은 일 아닌가?	Headquarters is tearing its hair out over the mess you have made. I can take care of it for you. Well? Shall I? It will cost you what it is worth, mind. The money you donate funds E.V.E.'s work... a good thing, no?
10000달러를 기부하겠습니다.	I will donate 10,000 dollars.
50000달러를 기부하겠습니다.	I will donate 50,000 dollars.
100000달러를 기부하겠습니다.	I will donate 100,000 dollars.
500000달러를 기부하겠습니다.	I will donate 500,000 dollars.
1000000달러를 기부하겠습니다.	I will donate 1,000,000 dollars.
레어 마스터에 대한 정보를 알고 싶습니다.	I would like information about the Rare Master.
제 젬스톤을 아이템으로 교환하겠습니다.	I will trade my gemstone for an item.
돈도 없고, 기부할 생각도 없습니다. 수고하십시요.	I have no money and no intention of donating. Keep up the good work.
요즘 세상에는 진정한 기사도 정신을 가진 인물이 없는 것 같네만.. 자네는 어떻게 생각하는가?	It seems nobody in the world today has any real chivalry left in them... what do you think?
어쩌면 뱀파이어들은 신이 불경스러운 인간들을 멸하기 위해서 보낸 묵시록의 천사들일지도 모르겠네.	Perhaps the vampires are the angels of the apocalypse, sent by God to destroy an impious mankind.
내게 주어진 임무만 아니었다면 당장 나도 뱀파이어들과 싸우러 나갈텐데..	Were it not for the duty laid on me, I would go out and fight the vampires myself this instant...
자네도 내가 늙었다고 생각하는가? 천만의 말씀. 나는 아직 정정하다고. 은퇴는.. 80세가 넘어서나 생각해볼걸세.	Do you think I am old too? Nonsense. I am still in my prime. Retirement... I might consider it past eighty.
그루버가 요즘 어떻게 지내는지 자네 혹시 알고 있나? 내가 언젠가 그의 목숨을 구해준 적이 있다네.	Do you happen to know how Gruber is getting on these days? I saved his life once, you know.
가끔 슬레이어들 중에서도 돈을 인생의 가장 큰 목적으로 삼거나.. 뱀파이어를 죽일 때의 쾌감을 즐기는 족속들이 보인단 말이야. 말세지 말세야.	Now and then, even among the slayers, you find the sort who make money the whole point of their lives... or who relish the thrill of killing a vampire. The end times, I tell you.
뒤에서 보고만 있기엔 내가 아직 젊다고 생각하네. 자네도 말이지.. 나처럼 나이가 들어도 젊다는 생각을 잊지말게나.	I still consider myself too young to stand back and watch. And you... even when you are as old as I am, do not forget to think of yourself as young.
검술에 있어서 한을 따라갈 자는 없다고 보네. 내가 보기에 그는 최고지만, 그는 그렇게 생각하는 것 같지 않더군. 겸손한 사람이야.	In swordsmanship I do not believe anyone matches Han. To my eye he is the finest there is, though he does not seem to think so. A humble man.
자네가 하는 일에 자부심을 갖는 것은 중요하네. 항상 자네가 힘들때마다 일으켜 세워줄 원동력과 같으니까 말이야.	Taking pride in your work matters. It is the engine that will pick you up every time things get hard.
절대 적에게 등을 보이지 말게.	Never show your back to the enemy.
그놈들에게 무릎을 꿇느니, 차라리 목숨을 끊는 것을 택하겠네.	Sooner than kneel to those creatures, I would take my own life.
내가 뱀파이어와 싸울 때면 곁엔 언제나 애마 썬더버드가 있었는데.. 그때가 그립구만. 지금은 내가 직접 싸우기엔 벅차지만 말이야 대신해서 내 오토바이들을 타고 싸워줘. 싸울때 큰 힘이 될 꺼야, 내 오토바이 보여주지.	When I fought the vampires, my beloved Thunderbird was always at my side... I miss those days. I am past doing the fighting myself now, so ride one of my bikes and fight in my place. It will serve you well out there. Let me show you what I have.
괜찮은 모터사이클을 골라주세요.	Pick me out a decent motorcycle.
제가 가지고 있는 물건들을 팔고 싶군요.	I would like to sell what I am carrying.
제 모터사이클이 어디 있는지 알고 싶군요.	I would like to know where my motorcycle is.
제 오토바이를 찾고 싶군요.	I would like to collect my bike.
다음에 사도록 하겠습니다. 수고하세요 잭.	I will buy one next time. Keep up the good work, Jack.
내가 한때 잘나가는 폭주족 대장이었다면 믿을 수 있겠냐?	Would you believe I was once the leader of a pretty famous biker gang?
이 바이크야말로 나의 진정한 친구라고 생각해. 그렇지않아?	This bike is my one true friend, I reckon. Would you not say so?
헬멧없이 모터싸이클을 타고 시속 150Km 로 달려보면 내 맘을 알게 될꺼야.	Ride a motorcycle at 150 kph with no helmet and you will understand how I feel.
뭐 사고 싶은 바이크라도 있어? 내게 말만 하라구.	Is there a bike you fancy? Just say the word.
붉은머리의 잭이라는 이름을 들으면, 캔자스 사람들은 벌벌 떨었었지. 하하.	The people of Kansas used to tremble at the name Red-Haired Jack. Ha ha.
어.. 왔어요? 음.. 약간 바쁜데.. 헤헤.. 지금 막 굉장한걸 생각하고 있었거든요.. 뭐 그래도 할 수 없죠. 무엇을 도와드릴까요?	Oh... you are here? Hmm... I am a little busy... heh heh... I was just thinking of something incredible. Well, it cannot be helped. What can I do for you?
제 장비들의 수리를 부탁드립니다. 데이비드.	Please repair my equipment, David.
칼리고 던전(레벨별 전쟁존)으로 이동하고 싶은데요.	I would like to go to the Caligo Dungeon (the level-based war zone).
아니요. 계속 하세요. 방해해서 미안해요.	No. Carry on. Sorry to interrupt.
어.. 이건 이렇게 하면 될 것 같은데.. 음..	Er... I think this goes like this... hmm...
헤헤.. 좋아.. 아. 아니에요. 혼잣말이에요.	Heh heh... good... ah. Never mind. Talking to myself.
다른 건 몰라도 총기 수리만큼은 제가 아마 일인자일거에요. 헤헤.	Whatever else I may be, when it comes to repairing firearms I am probably second to none. Heh heh.
뭐 고치고 싶은 물건 있으면 가지고 오세요.	If you have something you want fixed, bring it over.
헤헤. 안녕하세요?	Heh heh. Hello there.
항상 뱀파이어와 싸우느라 힘들겠구만. 매사에 조심하도록 하게. 무엇보다도 중요한건 생명이라구. 중요한 물건은 나에게 맡기고, 전투에만 모든 신경을 집중하도록 하게.	Fighting vampires all the time must be hard on you. Take care in everything you do. Nothing matters more than staying alive. Leave your valuables with me and put every scrap of your attention into the fight.
보관함을 사고 싶습니다.	I would like to buy storage.
제 물건들을 볼 수 있을까요?	May I see my things?
수고하세요. 케빈.	Keep up the good work, Kevin.
사람의 미래는 알 수 없다네. 언제 어디서 어떤 사건이 터질지..	There is no telling a person's future. When and where the next disaster falls...
가끔은 넓은 들판을 달리거나, 깊은 강에서 수영을 하고 싶을 때가 있다네.	Sometimes I want to run across an open field, or swim in a deep river.
뱀파이어를 하나 더 죽이기보다는 자신의 몸을 보호하도록 노력하게.	Rather than killing one more vampire, work at protecting yourself.
오늘도 수고가 많네. 몸조심하게.	Another hard day. Take care of yourself.
보관하고 싶은 물건이 있으면 언제든지 와서 이야기해.	If you have something to store, come and tell me any time.
만약 뱀파이어에게 물렸다면 나한테 즉시 달려오는 게 나을 거야. 자신의 힘만 믿고 덤비다간 쉽게 다치기 마련이지. 뭐 조금 다쳤다고 쉽게 죽진 않지만 말야.. 어디 한번 볼까?	If a vampire bites you, you had better come running to me at once. Charge in trusting your own strength and you will get hurt easily enough. Not that a scratch will kill you... shall I take a look?
지금 당장 치료받고 싶습니다.	I would like treatment right now.
치료 앰플을 살 수 있겠습니까?	Could I buy some treatment ampoules?
초보유저 사냥터(테메리에 성지)로 이동하고 싶습니다.	I would like to go to the beginner hunting ground (the Temerie holy ground).
수고하세요 살라만더.	Keep up the good work, Salamander.
어디.. 괜찮은 남자 있으면 소개시켜줘.	If you find a decent man somewhere, introduce me.
인간과 뱀파이어의 DNA 구조가 다르다는 사실에 대해서 어떻게 생각해? 흥미롭지 않아?	What do you make of the fact that human and vampire DNA are structured differently? Fascinating, is it not?
뱀파이어의 생체조직이 더 필요하단 말이야… 흠.	I need more vampire tissue... hmm.
뱀파이어의 마법은 아마 뱀파이어의 DNA의 구조에서 발현되는 것이 아닐까?	Might vampire magic not arise out of the structure of vampire DNA?
치료 앰플은 많이 구비되어 있으니깐, 말만 하라구.	I keep plenty of treatment ampoules in stock, so just say the word.
항상 체력이 부족하거나, 실질적으로 전투에서 도움이 될만한 물건을 찾는다면 2층의 악세사리들을 살펴보라고.	If you are always short on stamina, or looking for something that genuinely helps in a fight, take a look at the accessories on the second floor.
방탄복이나 벨트, 헬멧이 필요하면 제게 말씀하세요. 뭐 저도 좋다고 이걸 파는 건 아니지만, 임무는 임무니깐요.	If you need body armour, a belt or a helmet, tell me. Not that I sell this because I want to, but duty is duty.
예. 괜찮은 방어구들이 필요합니다.	Yes. I need some decent armour.
아. 전 이번엔 물건을 팔려고 왔습니다.	Ah. I have come to sell something this time.
소냐. 수고하세요. 조만간 근신이 풀릴테니 걱정마세요.	Sonya. Keep up the good work. Your suspension will be lifted soon, so do not worry.
오늘따라 죽은 그이가.. 보고 싶어요..	Today of all days I miss him... the man I lost...
제 애인은 그 유명한 SWAT팀의 리더였어요.	My sweetheart was the leader of that famous SWAT team.
제가 이렇게 된건 다 그놈의 뱀파이어들 때문이에요. 죽일놈들.	Everything that happened to me is down to those vampires. Damn them.
저도 잘하려구 그랬는데.. 꼭 이렇게 근신을 시켜야 하는 건가요?	I was trying to do the job well... did they really have to suspend me for it?
차라리 혼자서 뱀파이어 사냥할때가 훨씬 더 자유로왔는데.	I had far more freedom back when I hunted vampires alone.
이젠 다시 전투에 참가하고 싶어요..	I want to be back in the fight now...
가끔씩 보면 말이야.. 뛰어난 무기와 방어구만 찾아다니는 사람들이 보이는데, 그런 사람일수록 일찍 죽게 되어 있지. 진정한 전사는 그 어떤 상황에서도 주위의 모든 것을 무기로 활용할 수 있거든. 그렇다고, 아무것도 가지고 다니지 말라는 소리는 아니야. 기본적인 것만 있으면 된다는 뜻이지. 어디 한번 골라보라구.	Now and then you see people who do nothing but chase after superior weapons and armour, and it is exactly that sort who die early. A true warrior can turn anything around them into a weapon, whatever the situation. Not that I am telling you to carry nothing. Only that the basics are enough. Take a look.
괜찮은 장비가 있다면 사고 싶군요.	If you have decent equipment, I would like to buy some.
필요없는 것들을 팔고 싶습니다.	I would like to sell what I do not need.
다음에 오겠습니다.	I will come back another time.
기본기에 충실한 사람만이 최후까지 살아남는다는 사실을 명심해.	Bear in mind that only those grounded in the basics survive to the end.
연습이 아니라 실전에서 경험을 쌓도록 하라구.	Build your experience in real fights, not in practice.
내 과거에 대해서는 제발 묻지 말아줘.	Please do not ask me about my past.
그냥 크로우라고 부르면 된다니깐. 까마귀라는 뜻이야.	Just call me Crow. As in the bird.
필요한 물품이 있으면 말해봐. 내일까지 준비해놓을테니.	Tell me what you need and I will have it ready by tomorrow.
내 귀걸이 멋지지 않아요? 물론 이건 그냥 모조품일 뿐이지만.. 아. 여기 악세서리들은 다 진품입니다. 바티칸의 금고에서 몽땅 털어와도 이보다는 좋지 않을 꺼에요. 그리고 전투에서 실제로 유용하게 쓰이는 것들이죠. 하하	Are my earrings not splendid? These are only imitations, of course... ah, but the accessories here are all genuine. You could empty the Vatican's vaults and not find better. And they are genuinely useful in a fight. Ha ha.
여기서 나가고 싶어요.       	I want to get out of here.
라옴던전 1층으로 가고싶어요.        	I want to go to the first floor of Laom Dungeon.
크라이프, 오늘도 수고하는군요. 그럼, 다음에 봐요.	Kreif, hard at work again today. See you next time, then.
크라이프 헴펠입니다. 헴펠. 이름이 좀 특이하죠?	Kreif Hempel, that is. Hempel. An unusual name, is it not?
샷건이나 소총을 사려면 드레이크라는 애꾸눈의 남자를 찾아보세요.	If you want a shotgun or a rifle, look for a one-eyed man named Drake.
제가 팔고 있는 악세서리들은 직접 전투에서 유용하게 사용되는 것들이죠.	The accessories I sell are the sort you can put to real use in a fight.
다른 악세서리들이 필요하시다면 다른 길드에도 한번씩 가보세요. 길드마다 파는 것들이 조금씩 다르거든요	If you need other accessories, try the other guilds as well. Each of them sells slightly different things.
원하는 총기류가 있다면 이 서류에 신청서를 작성하라구. 아마 일주일 내에는 공수받을 수 있을테니깐, 최대한 빨리 신청하는 게 좋을거야. 물론 괜찮은 것들이 몇 개 입수되어 있으니깐 한번 둘러 보라구.	If there is a firearm you want, fill out a request on this form. It should be flown in within the week, so the sooner you ask, the better. Of course, a few good pieces have already come in, so have a look around.
쓸만한 총이 있나 한번 보겠습니다.	I will see whether you have a decent gun.
물건을 팔고 싶습니다.	I would like to sell some goods.
다른 일이 있어서 이만 가보겠습니다.	Something else has come up, so I will be on my way.
한방에 뱀파이어 머리를 날려버리는데에는 샷건만한 게 없지.	For taking a vampire's head off in one shot, nothing beats a shotgun.
처음 총을 만지는 사람은 대체로 흥분하게 되는데 그러면 명중률이 낮아져.	People handling a gun for the first time usually get excited, and that ruins their accuracy.
무조건 먼저 쏜다고 이긴다고 생각하지마. 자신의 위치를 노출시킬 수도 있으니까.	Do not assume that shooting first always wins. It can give your position away.
비록 내가 한쪽 눈을 잃었지만, 아마 자네보다는 총을 잘 쏘지 않을까?	I may have lost an eye, but I would guess I still shoot better than you do.
SMG를 찾고 있나? 고집쟁이 스파르탄을 만나보게.	Looking for an SMG? Go and see that stubborn fool Spartan.
전투 때는 자기 몸은 자기가 지킬 수 있어야만 한다. 뒤돌아 보며 신경쓸 틈은 없어.오직 앞만 보고 싸워라. 네 뒤는 네 동지들이 지켜줄테니깐. 자신이 없으면 하루빨리 용병일을 때려치우기 바란다.	In a fight you must be able to protect yourself. There is no time to look over your shoulder. Face forward and fight. Your comrades have your back. If you cannot manage that, give up the mercenary life as soon as you can.
좋은 말씀 감사합니다. 그런데, SMG 를 사고 싶어서 왔습니다.	Thank you for the advice. But I came to buy an SMG.
제가 가지고 있는 물건들을 팔고 싶습니다. 스파르탄	I would like to sell what I am carrying, Spartan.
알겠습니다.	Understood.
훗. 이제 갓 들어온 신병 아닌가?	Hah. A raw recruit, are you not?
사람들은 날 보고 미쳤다고 하지만 난 진짜 정상이야.	People call me mad, but I am perfectly sane.
뱀파이어들이 내가 만든 폭탄에 산산조각나는 모습을 보면 정말 쾌감이 느껴진다구.	Watching vampires blown to pieces by a bomb I built is a real thrill, I tell you.
SMG가 필요해? 그럼 이리와 봐. 친구.	Need an SMG? Come over here, friend.
폭탄을 만든다는 것은 생각보다 쉬워. 대신 잘못하면 죽기도 쉽지. 하하하.	Building bombs is easier than you would think. Get it wrong and dying is just as easy. Ha ha ha.
소총이나 산탄총을 찾는다면 드레이크에게 가봐.	If you are after a rifle or a shotgun, go and see Drake.
적의 심장을 노리고 방아쇠를 당기는 기분을 알아? 그 대상이 만약 나와 절친했던 동료라고 생각하면 정신이 아찔해지지...적들 눈을 피해 심장을 노리고 방아쇠를 당기기까지의 그 몇초간이 피를 말리는 순간이야. 내가 다루는건 그만큼 스릴있지. 어때 한번 배워보겠어?	Do you know what it feels like to aim for the enemy's heart and squeeze the trigger? And if the target happens to be a comrade you were close to, the mind reels... those few seconds between slipping past their eyes, taking aim at the heart and pulling the trigger, they drain the blood right out of you. That is the kind of thrill my work carries. So, shall I teach you?
쟌, 오늘은 새로운 기술을 배우기 위해서 왔어요.	Jean, I came to learn a new technique today.
스릴도 좋지만, 새 라이플을 사려고 하는데요?	The thrill sounds fine, but I was hoping to buy a new rifle.
이 물건들을 팔고 싶어요.	I would like to sell these.
아니요. 다음에 배우도록 하죠.	No. I will learn another time.
저격을 할 때에 가장 중요한 건 바로 자신의 호흡이야.	The most important thing in sniping is your own breathing.
뱀파이어들은 심장을 한방에 날려버려야만 하지.	Vampires have to have their hearts blown out in one shot.
장미꽃은 정말 아름답고도 매혹적이지. 난 그렇게 생각해.	A rose is a truly beautiful and beguiling thing. That is what I think.
스나이퍼는 보기보단 힘든 임무야. 영화에서만 멋있게 나올 뿐이지.	Sniping is harder work than it looks. It only looks glamorous in films.
사람들이 가끔 나를 보고 "장미의 저격수"라고 부르는데, 사실 그 별명은 마음에 들지 않아.	People sometimes call me "the Rose Sniper", but to be honest I do not care for the nickname.
서브머신건을 사고 싶으면 스파르탄이라는 놈을 찾아봐.	If you want a submachine gun, go looking for a man called Spartan.
이곳 에슬라니아는 매우 위험한 곳입니다. 그러니, 이 넓은 곳을 걸어다니며 임무를 수행한다는 것은 무모한 행위에 불과한 거죠. 위험에 노출되는 시간도 늘어나는 거고.. 원하신다면 제가 개조한 모터사이클을 제공할 수도 있는데.. 한번 보시겠습니까?	Eslania here is a very dangerous place. Crossing all that ground on foot to carry out a job is nothing short of reckless. It only leaves you exposed for longer... if you like, I can supply one of the motorcycles I have modified. Would you care to see?
프레드릭. 새 바이크를 한번 보여주세요.	Frederick. Show me your new bikes.
맡겨놓은 제 오토바이를 찾고 싶군요.	I would like to collect the motorcycle I left with you.
아니요. 아직은 바이크를 살 생각은 없습니다. 다음 기회에 오죠.	No. I am not looking to buy a bike yet. I will come by another time.
뱀파이어들이 합법적인 회사를 운영한다는 이야기 들어봤어요? 쳇.	Have you heard the vampires run legitimate companies? Tch.
모터사이클의 개조는 제게 맡기세요. 전투에는 비록 도움이 안되지만, 이런 것 쯤이야...	Leave the bike modifications to me. It is no help in a fight, but a job like this is nothing...
제가 살던 성은 정말 아름다웠어요. 언젠가 제가 다시 그 성을 되찾기만 하면..	The castle I grew up in was truly beautiful. If I ever take it back one day...
제가 보기엔 E.V.E는 조금 느슨한 조직인 것 같아요. 물론 TEAM TWO는 다르지만.	E.V.E. strikes me as a rather slack organisation. TEAM TWO is different, of course.
방탄복이나 헬멧을 사려면 소냐를 찾아가세요.	If you want body armour or a helmet, go and see Sonya.
물품관리는 저에게 맡기고, 전투에만 신경쓰세요. 지금 뭐 맡기실 물건이라도 있나요?	Leave your goods to me and put your mind on the fighting. Do you have anything to store right now?
크리스틴, 새 보관함을 사고 싶습니다.	Christine, I would like to buy a new storage box.
제 보관함을 보여주세요.	Show me my storage, please.
마켓 장바구니를 보고 싶습니다.	I would like to see my market basket.
펫 보관함을 보고 싶습니다.	I would like to see my pet storage.
지금은 특별히 맡길만한게 없군요. 그럼.	There is nothing much to store right now. Until next time.
지금은 관리업무에 있지만, 조만간 저도 전투에 뛰어들거에요.	I am on stores duty for now, but I will be back in the fight before long.
제가 8년간 용병생활을 했다는 사실, 혹시 들은 적 없나요?	Have you not heard that I spent eight years as a mercenary?
소설이나 영화에서만 보던 것들이 실존하리라고는 누가 상상이나 했겠어요?	Who would ever have imagined the things you only see in novels and films were real?
제 아들도.. 뱀파이어들에게.. 흑..	My son too... to the vampires... oh...
그들을 용서할 순 없어요. 그래서, 다시 용병이 되었죠.	I cannot forgive them. That is why I became a mercenary again.
물품 관리는 제게 맡기고, 전투에만 신경쓰도록 하세요.	Leave the goods to me and put your mind on the fighting.
다덴 마켓에서 구입하거나 선물을 받은 물건은 이 장바구니에 보관 됩니다. 보관된 물건들도 저에게 찾아가시면 되고요. 알고 있으시죠? 장바구니는 보관함과 다르게 선물 받은 물건이나 구입한 물건을 맡아 주는 기능만 할 뿐, 자신의 물건을 보관함과 같이 저장하는 것은 안돼요. 혹시 구입한 물건들이 다 장바구니에 보이지 않는 것은, 없어진 것이 아니라 현재 장바구니의 물건들을 찾아 가신 후에, 보이게 될 테니 걱정하지 마세요. 그럼 장바구니를 살펴 보실래요?	Anything you buy in the Darden Market or receive as a gift is held in this basket. You collect those from me too. You knew that, I trust? Unlike storage, the basket only holds gifts and purchases for you; it will not keep your own belongings the way storage does. And if not everything you bought is showing in the basket, it has not been lost. It will appear once you collect what is in there now, so do not worry. Shall we take a look at your basket, then?
예, 제 장바구니를 확인하고 싶습니다.	Yes, I would like to check my basket.
아니요. 다음에 확인해 보겠습니다.	No. I will check it another time.
COME BACK,2005 이벤트 대상자시군요. 이벤트에 참여하신 분들에겐 참여 기념 아이템을 주고 있으니 받아가시기 바랍니다. 그리고 이벤트 기간동안 프리미엄 결제를 신청하시면 결제 보너스로 열랩세트 아이템을 드리고 있습니다.	You are eligible for the COME BACK 2005 event. Everyone who took part receives a commemorative item, so do come and collect yours. And if you sign up for premium billing during the event period, we are giving out a ten-level set as a billing bonus.
예, 이벤트 아이템을 받고싶습니다.	Yes, I would like the event item.
예, 결제 신청했습니다. 열랩세트 아이템을 받고 싶습니다.	Yes, I signed up for billing. I would like the ten-level set.
죄송합니다. 해당자가 아닙니다.	Sorry. I am not eligible.
참, 이벤트 아이템은 한계정당 한 개의 아이템만 지급됩니다. 지금 접속중인 캐릭터로 아이템을 받으시길 원하십니까?	Do note that only one event item is issued per account. Would you like to receive the item on the character you are logged in as?
예, 이 캐릭터로 받겠습니다.	Yes, I will take it on this character.
아니요, 다른 캐릭터로 받겠습니다.	No, I will take it on another character.
COME BACK,2005 이벤트 대상자로부터 추천을 받으셨다고요? 좋은 일 하셨군요. 가만 있을 수 없네요. 이 아이템 받아가세요. 앞으로도 추천 많이 부탁 드립니다.	You were recommended by someone eligible for the COME BACK 2005 event? That was good of you. I cannot let that pass. Take this item. And please keep the recommendations coming.
예, 감사히 받겠습니다.	Yes, gratefully received.
제가 잘못 알고 왔군요. 죄송합니다.	I had it wrong. My apologies.
안녕하세요? 이번엔 무엇을 도와드릴까요? 수리할 게 있으면 꼭 말씀해주세요.	Hello. What can I do for you this time? Do tell me if you have anything to repair.
안녕하세요? 그리픈. 이것 좀 수리해주세요.	Hello, Griffin. Repair this for me, please.
예. 다음에 꼭 말씀드리죠. 수고하세요.	Yes. I will be sure to say so next time. Keep up the good work.
아버님께 제가 잘있다고 좀 전해주세요. 바빠서 요즘은 잘 뵙지도 못하네요.	Do tell my father I am well. I am so busy I hardly get to see him these days.
흠.. 이것 참 괜찮은 이론인걸.. 그래.. 그렇지..	Hmm... now that is a rather good theory... yes... that is it...
제가 관심있는 분야는 생화학입니다. 아직은 초급수준이지만..	My field of interest is biochemistry. Only at an elementary level so far, though...
Biochemistry 는 정말 재미있는 분야입니다. 꼭 공부해보세요.	Biochemistry is a genuinely fascinating field. Do study it.
매일 전투를 하느라 피곤하겠군. 어디 다친 곳이 있으면 빨리 나를 찾아오게. 최선을 다해서 치료해주겠네.	Fighting every day must leave you worn out. Come to me quickly if you are hurt anywhere. I will do everything I can for you.
싱, 여기를 다쳤습니다. 치료 부탁드립니다.	Singh, I am hurt here. Treat me, please.
치료 앰플 같은 것들을 사고 싶습니다.	I would like to buy some treatment ampoules and the like.
이것들을 혹시 사주시겠습니까?	Would you buy these from me?
아직은 견딜만합니다. 다음에 들르겠습니다.	I can still bear it. I will come by another time.
어때? 이제 아픈 데는 없는가?	Well? Nothing hurting now?
조그만 상처라도 우습게 알다가는 그로 인해서 죽게 될 수도 있다네.	Take even a small wound lightly and it may be the death of you.
항상 응급치료하는 방법을 잊지 않도록 하게나. 꼭 도움이 될게야.	Never forget how to give first aid. It is bound to help.
가능하면 나한테는 오지 않는게 자네에게 이로울게야. 하하.	It is better for you if you never have to come to me at all. Ha ha.
앰플을 사용할때 공기가 혈액속에 들어가지 않도록 주의하게나.	When you use an ampoule, take care not to let air into the blood.
음? 주사제와 진정제를 좀더 신청해야겠군. 많이 부족한걸.	Hm? I had better request more injectables and sedatives. We are badly short.
자네, 알고 있는가? 예브게니가 뱀파이어들의 마법을 보호할 수 있는 물건을 판다고 하더군. 관심있으면 2층으로 올라가보게나	Did you know? I hear Yevgeny sells things that protect against vampire magic. Go up to the second floor if you are interested.
밖에서는 뱀파이어와의 전쟁이 한참이겠죠? 저도 안에서 여러분들을 위해서 매일 기도를 한답니다. 뭐.. 필요한 악세서리들 있으면 저한테 말해주세요. 힘 닿는 데까지 구해드릴께요..제가 파는 아이템은 뱀파이어의 마법으로부터 보호 받을 수 있는 것들이죠. 보시겠어요?	The war with the vampires must be raging out there. I pray for you all in here every day. Well... if there are accessories you need, tell me. I will get hold of whatever I can... the items I sell protect you against vampire magic. Would you like to see?
예브게니, 새로 들어온 악세서리들을 보여주세요	Yevgeny, show me the accessories that have just come in.
이것들을 팔려고 하는데.. 어때요?	I was hoping to sell these. What do you say?
커플등록 때문에 왔습니다.	I have come about couple registration.
이만 가볼께요. 수고해요, 예브게니..	I will be going. Keep up the good work, Yevgeny.
다들 제 이마가 잘생겼다고 하더군요. 헤헤.	Everyone tells me I have a handsome forehead. Heh heh.
한니발, 아니 아버지를 너무 사랑해요.	I love Hannibal, my father that is, very much.
돌아가신 분들의 명복을 함께 빌어요..	Let us pray together for the souls of the departed...
여기 반지랑 목걸이랑 팔찌들이 준비되어 있어요.	I have rings and necklaces and bracelets ready here.
안녕하세요? 예브게니라고 해요.	Hello. My name is Yevgeny.
제가 준비한 악세서리들이 부족하시면, 무사길드나 군인길드 2층으로 가 보세요. 그분들에게 원하시는 물건이 있을 것에요.	If what I have is not enough for you, try the second floor of the warrior guild or the soldier guild. They may have what you are after.
제가 아직 어리긴 하지만, 사랑하는 일이 얼마나 신성하고 중요한 일인지는 잘 알고 있어요. 걱정하지 마세요.	I may still be young, but I know very well how sacred and important a thing love is. Do not worry.
항상 연인을 소중히 여기세요. 함께 할 소중한 사람 이잖아요.	Always treasure the one you love. They are the person you will share your life with.
사랑은 인생에서 큰 부분을 차지하고 있습니다. 함께 할 믿을 수 있는 누군가가 생긴다는 것은 큰 축복이죠. 때때로 잘못된 선택으로 서로에게 상처를 남기고 헤어질 수 도 있습니다. 자신을 위해서, 사랑하는 사람을 위해서 신중한 선택을 하십시오.	Love takes up a great part of a life. To find someone you can trust and share it with is a great blessing. Sometimes a wrong choice leaves you both wounded and you part. For your own sake, and for the one you love, choose carefully.
사랑하는 사람이 생겼습니다. 커플 등록을 하고 싶습니다.	I have found someone I love. I would like to register as a couple.
커플등록을 허락하겠습니다.	I accept the couple registration.
더 이상 저희 커플은 무의미 합니다. 헤어지고 싶습니다.	There is no meaning left in our relationship. I want to break it off.
헤어지는 것에 동의하겠습니다.	I agree to the separation.
제 파트너의 이름을 잊었습니다. 가르쳐 주시겠습니까?	I have forgotten my partner's name. Would you tell me?
다른 부탁을 드리고 싶습니다.	I would like to ask you something else.
헤어지길 원하실 경우, 두 가지 방법이 있습니다. 서로의 합의 하에 이루어지는 결별과, 합의 없이 이루어지는 일방적인 결별이 있습니다. 단, 일방적인 결별을 선택하실 경우, 자신의 성향이 감소한다는 것을 기억하십시오.	If you wish to part, there are two ways. A separation by mutual agreement, and a one-sided separation without it. Bear in mind that if you choose the one-sided separation, your alignment will drop.
합의 하에 결별을 하겠습니다.	I will separate by mutual agreement.
합의 없이 일방적으로 결별 하겠습니다.	I will separate one-sidedly, without agreement.
앉아서 기도만 하고 있다고 문제가 해결되는 건 아니지.. 이제는 행동으로 보여 줄 때라고 생각한다. 난 전투를 위한 최고의 장비들을 제공할테니 자네들은 뱀파이어들을 맡아주지 않겠나?	Sitting and praying does not solve the problem... I believe it is time to act. I will supply the finest equipment for the fight, so will you take on the vampires?
알겠습니다. 니콜라이. 그러면, 최고의 장비들을 보여주세요.	Understood, Nikolai. Show me the finest equipment, then.
가지고 있는 장비들을 팔고 싶습니다.	I would like to sell the equipment I am carrying.
이만 가보겠습니다.	I will be on my way.
내 조국 러시아를 욕보이는 자들은 용서할 수 없어!	I cannot forgive those who bring shame on my Russia!
내 관심은 오로지 내 조국을 더럽히는 뱀파이어들을 쓸어버리는 것.. 그 뿐이야.	My only interest is sweeping away the vampires that defile my homeland... that is all.
자본주의가 더 우월하다고? 그럼 굶어죽어가는 미국의 아이들은 뭐야?	Capitalism is superior, is it? Then what about the American children starving to death?
이런 이야기를 할 때가 아니지. 자. 다들 준비하고 출동하라구.	This is no time for such talk. Right. Everyone get ready and move out.
여기저기 돌아다니다 보니 요즘 들어 뱀파이어의 활동이 더 활발해진 것 같더군. 더 이상 놔두면 안 될텐데... 자네들이 좀더 힘써 주게나. 여기 내가 여행하면서 구해 본 물건들이 있다네. 구경해 보겠나?	Travelling here and there, it seems to me the vampires have grown more active of late. It cannot be left much longer... put your backs into it. Here are things I picked up on my travels. Care to look?
제가 필요한 물건들이 있나 한번 보여주세요.	Show me whether you have anything I need.
제가 그동안 구한 것들을 보여드리겠습니다.	Let me show you what I have gathered.
다음에 보도록 하겠습니다. 리처드슨.	I will see you next time, Richardson.
내가 가 본 곳 중에서는 한국이 제일 아름다웠다네.	Of all the places I have been, Korea was the most beautiful.
아마도 나에게는 그 방랑벽이라는 게 있나보이. 허허허.	I suppose I have a touch of wanderlust in me. Ho ho ho.
내 발길이 닿지 않은 곳은 지구상에는 없다고 보면 되네. 허허.	There is nowhere on this earth my feet have not taken me. Ho ho.
내가 들은 바에 의하면, 뱀파이어 마스터들이 속속 모여들고 있다고 하네.	From what I hear, the vampire masters are gathering one after another.
전세계의 모든 네크로폴리스가 텅텅 비었다는 소문이 있지.	There is a rumour that every necropolis in the world stands empty.
주님의 은총이 가득하기를... 누구나 마음속에 두려움을 하나씩 가지고 있지만, 두려움이 필요 없는것 만은 아니야. 때론 자신의 몸을 지켜주기도하고 강한 힘으로 승화 시킬 수도 있다네. 그러나, 마지막 순간에서는 두려움으로 믿음을 더럽혀서는 안된다네. 오늘도 자네가 시간을 내면 내가 진실한 믿음을 전해주고 싶은데.. 어떤가?	May the grace of the Lord be with you... everyone carries a fear inside them, but fear is not always something to be without. Sometimes it guards you, and sometimes it can be raised into great strength. At the last moment, though, fear must not be allowed to sully faith. If you can spare the time today, I would like to pass true faith on to you... what do you say?
한니발, 제게 새로운 축복 마법을 가르쳐 주십시요.	Hannibal, teach me a new blessing spell.
좋은 메이스를 가지고 계신다는 이야기를 들었습니다. 한번 보고싶군요.	I hear you have a fine mace. I would like to see it.
이번엔 제가 가지고 있는 물건들을 팔기 위해서 들렀습니다.	I stopped by to sell some things this time.
가보겠습니다. 저를 축복해주세요. 한니발.	I will be going. Bless me, Hannibal.
자네들이 수고해준 덕분에 더 많은 자료를 얻을 수 있게 되었네. 나는 예전부터 아우스터즈에 관한 전설을 연구하고 있었지. 그들이 부활한다면 아마 큰일이 벌어질거야. 주님이 아닌 자연물을 섬기는 미개한 종족이기는 하지만, 정령이라고 부르는 우상으로부터 무서운 힘을 발휘한다고 전해지네. 그렇다면 물론 올바른 힘일 턱이 없지. 자네도 그렇게 생각지 않나?	Thanks to your efforts we have been able to gather far more material. I have long been studying the legends of the Ousters. If they were to return, something grave would follow. They are a primitive people who worship nature rather than the Lord, yet it is said they draw a fearsome power from the idols they call spirits. If so, it can hardly be a righteous power. Do you not agree?
예, 그럴 수도 있겠군요.	Yes, that may well be so.
예전 같으면 나도 아우스터즈를 만나러 한달음에 달려갔을텐데… 솔직히 말해서 주님의 뜻에 반하는 생명체들이라 할지라도, 그 전설을 내 눈으로 확인하고 이야기해보고 싶네. 그들을 만나면 조심하도록 하게. 뱀파이어에게 물렸던 희생자들이라고는 하지만 인간과의 접촉을 꺼려했던 이들이기도 하네. 그저 직감에 불과하긴 하지만 위험한 존재일 가능성이 높아.	In my younger days I would have run all the way to meet the Ousters myself... honestly, even if they are creatures set against the Lord's will, I would like to see the legend with my own eyes and speak with them. Take care if you meet them. They may be victims of vampire bites, but they are also a people who shunned all contact with humans. It is no more than instinct, but I think it very likely they are dangerous.
말씀대로 주의하도록 하겠습니다.	I will take care, as you say.
아우스터즈는 뱀파이어가 없이는 존재할 수 없는 생명체이지. 악의 부산물이라고 보아도 좋을 정도야. 그러나 그들은 어떠한 계기에 의해 번식에 성공한 것으로 전해지네. 그렇게 태어난 2세대 아우스터즈는 성별도 없지만, 저먼이라고 불리는 알 같은 것을 낳지. 흠… 그것을 알이라고 불러야할지 반쪽짜리 아기라고 불러야할지… 어쨌든 저먼을 낳아 다른 저먼과 붙여두면 아우스터즈의 아기가 된다고 하네.	The Ousters are creatures that cannot exist without the vampires. You might well call them a by-product of evil. Yet somehow they are said to have succeeded in breeding. The second-generation Ousters born that way have no sex, but they lay something like eggs, called germen. Hm... whether to call it an egg or a half-formed infant... in any case, lay a germen, place it beside another, and it becomes an Ouster child.
놀라운 이야기로군요.	An astonishing story.
흠… 그들은 대한 이야기는 먼저 카이저에게 듣고 오는 것이 좋겠네. 나중에 자세한 이야기를 해볼 기회가 있을 거야. 그보다 자네 믿음이 약해지고 있는 것 같아 걱정이야. 주님을 향한 믿음에 대한 근사한 이야기가 있다네. 어떤가, 들어보겠는가?	Hm... you had better hear about them from Kaiser first. There will be a chance to talk it over in detail later. More to the point, I am worried your faith is weakening. There is a fine story about faith in the Lord. What do you say, will you hear it?
아닙니다. 저는 이만 바쁜 일이 있어서…	No. I have urgent business, so...
흠, 그렇군. 지금 당장은 그것이 우선이겠지. 과거 아우스터즈들에 의해 남겨진 유물에 대한 전설을 해독한 결과 우리가 알고 있는 어떤 특정 지하동굴에 흩어져 있다는 사실이 밝혀졌다네. 그들이 남긴 고대 문헌의 조각들을 하나로 모아 가지고 오는 것이 이번 임무지. 자네라면 충분히 해낼 수 있을 것으로 생각하고 있네. 어떤가, 해낼 수 있겠나?	Hm, I see. That comes first for now. Deciphering the legend of the relics the Ousters left behind, we found they lie scattered through a certain underground cavern known to us. Your task is to gather the fragments of the ancient texts they left and bring them back as one. I believe you are more than equal to it. Well? Can you do it?
물론입니다. 장소만 정확히 알려주십시오.	Of course. Just tell me exactly where.
그래. 자네들이 가져다준 고대 문헌들을 해독한 결과, 과거 그들이 살았던 마을의 위치가 표기된 지도가 있다는 것이 사실로 밝혀졌네. 아우스터즈들은 물론 그러한 지도가 남겨지는 것을 원치 않았지만, 탐험가 로즈경에 의해 전해지게 되었다고 하네. 로즈경은 지도를 완성한 후 의문의 죽음을 맞이했지만, 그 지도는 어딘가에 남겨져 전해졌다는 것이 정설이지. 이 지도를 찾아올 수 있겠나?	Good. Deciphering the ancient texts you brought us confirmed that a map exists marking the site of the village where they once lived. The Ousters did not want such a map left behind, of course, but it was passed down by the explorer Lord Rose. Lord Rose met a mysterious death after completing it, yet the accepted account is that the map survived somewhere and was handed on. Can you find this map?
고작 지도를 찾아오는 일 정도라면 어렵지 않죠. 오히려 조금 실망스러운 정도인 걸요.	Fetching a map is hardly difficult. Rather a let-down, if anything.
그래, 그래…. 알았네. 로즈경이 남긴 지도에 의하면 드로베타 북서에서 연결되는 서쪽 길목을 지나 아우스터즈의 마을이 있었던 것으로 생각된다네. 자네는 지금 빨리 그 쪽으로 달려가 조사를 해보길 바라네. 아우스터즈에 대한 최후의 비밀이 그리 멀지 않았어. 주님의 가호가 늘 함께 하기를 빌겠네.	Yes, yes... very well. According to Lord Rose's map, the Ousters' village lay past the western pass that connects from north-west Drobeta. Get there quickly and investigate. The last secret of the Ousters is not far off now. May the Lord's protection be with you always.
예, 감사합니다.	Yes, thank you.
나에게 임무를 받기에는 아직 이른 것 같군. 길드 건물 밖으로 가면 카이저가 있을거야. 먼저 그에게로 가도록 하게.	I think it is still too early for you to take a task from me. Kaiser will be outside the guild building. Go to him first.
카이저 대장님 말씀이시군요. 알겠습니다.	You mean Captain Kaiser. Understood.
자네는 아직 완수하지 못한 임무가 있지 않던가?	Do you not have a task still unfinished?
그렇군요. 제가 마음이 급해서 그랬습니다.	So I do. I got ahead of myself.
임무를 마친 것을 축하하네. 먼저 보상 문제부터 확실히 한 후에 다음 임무에 임하는 것이 좋지 않겠나?	Congratulations on finishing the task. Would it not be best to settle the reward before taking on the next one?
알겠습니다. 그것이 순서겠지요.	Understood. That would be the order of things.
놀랍군. 이렇게 빠른 시간내에 조각난 고대 문서를 완벽히 모아올 줄이야. 그것 보게. 주님은 늘 자네를 지켜보며 돌보시고 있다는게 증명되지 않았나. 그럼 임무에 대한 보상을 받도록 하겠나, 아니면 다음 임무를 계속하도록 하겠나? 어느 쪽이건 상관없네. 자네의 선택이 곧 주님이 이끄는 길일 테니까.	Remarkable. To gather every fragment of the ancient text so quickly. There, you see. Is it not proof that the Lord watches over you and keeps you? So, will you take the reward for the task, or press on to the next one? Either suits me. Whichever you choose is the path the Lord is leading you down.
주님은 저에게 계속 임무를 해나가시길 바라는 것 같군요.	It seems the Lord would have me carry on with the task.
저에겐 휴식이 좀 필요합니다. 보상을 주셨으면 싶군요.	I need some rest. I would like the reward.
오오오…. 이것이 로즈경이 남긴 지도란 말인가. 그래…. 그들은 이곳에 살고 있었군. 이런…. 헌데 어떻게 지금까지 발견되지 않았을 수가 있었던 걸까. 아, 이거 미안하네. 너무 감격한 나머지…. 그래 보상을 해주어야겠지. 하지만 말야, EVE측의 공식적인 임무라고 할 수는 없겠지만 개인적으로 부탁이 있네. 아우스터즈들이 있었던 위치까지 발견된 이상 자네도 그들을 계속 조사해보고 싶지 않나? 어떤가 보상을 받고 끝내도록 하겠나, 그전에 먼저 나의 부탁을 들어줄 수 있겠나?	Oh... oh... so this is the map Lord Rose left. Yes... this is where they were living. Good heavens... but how could it have gone undiscovered until now? Ah, forgive me. I was quite overcome... yes, you must have your reward. But listen. It could hardly be called an official E.V.E. assignment, yet I have a favour to ask of you personally. Now that even the Ousters' location has been found, would you not want to go on investigating them? What do you say, take the reward and be done, or hear my request first?
한니발님의 부탁인데 거절하는 것은 도리가 아니겠지요.	It would be improper to refuse a request from you, Hannibal.
지금까지 전 아무런 보상도 받지 못했는데, 개인적인 부탁이라니…. 그건 어렵겠습니다. 보상을 부탁드립니다.	I have had no reward at all so far, and now a personal favour... I am afraid not. The reward, please.
대체 이것들이 의미하는 것이 무엇이란 말이지? 난 잘 모르겠네.	What on earth are these meant to signify? I really cannot say.
착오가 있었나봅니다. 죄송합니다.	There seems to have been a mistake. My apologies.
무슨 보상을 말하는 건가? 싱거운 사람 같으니…. 농담을 하고 있는 것이라면 그만두게.	What reward would that be? What a tiresome fellow... if this is a joke, drop it.
하하, 장난을 쳐봤을 뿐입니다. 죄송합니다.	Ha ha, I was only teasing. My apologies.
흠…, 자네의 뜻이 정 그러하다면…. 하지만 주님은 그렇게 생각지 않을것이야. 정말로 포기하고 싶은 건가?	Hm... if that is truly your wish... but the Lord will not see it that way. Do you really mean to give up?
주님도 이해해주시리라 믿습니다.	I trust the Lord will understand.
주님의 뜻이 그러하다면 다시 한번 도전해보도록 하겠습니다.	If that is the Lord's will, I will take up the challenge once more.
내가 무슨 임무를 맡겼었지? 요새는 기억력이 통…. 뭔가를 자꾸 깜빡깜빡 한단 말이야.	What task was it I gave you? My memory these days is quite... I keep forgetting things.
아닙니다. 그러고 보니 제 착각이었던 것 같습니다.	No. Come to think of it, I was mistaken.
임무를 멋지게 완수했다는 사람이 포기하겠다는 건가? 무슨 소리를 하고 있는 건지 알 수가 없군. 요즘 젊은이들과는 점점 대화하기가 어려워져….	The man who carried out the task so splendidly now says he is giving up? I cannot make out what you are saying. It grows harder and harder to talk to young people these days...
하하, 그저 농담이었을 뿐입니다.	Ha ha, it was only a joke.
그럼 %(QuestZone) (으)로 가보도록 하게. 그 안을 점령하고 있는 몬스터들이 이미 차지해버렸을 가능성도 염두에 두도록…. 행운을 비네.	Then make your way to %(QuestZone). Bear in mind that the monsters holding the place may already have taken it... good luck to you.
걱정 마십시오.	Do not worry.
약간의 준비가 필요하겠군요. 금방 돌아오겠습니다.	I will need a little preparation. I will be back shortly.
뭐 그리 간단하지만은 않다네. 그 지도가 지금은 인간의 손을 떠나 어떤 강력한 힘을 가진 몬스터의 수중에 들어간 것으로 알려져 있지. 그들은 매우 검은 빛을 띄고 있어서 찾아내기는 그리 어렵지 않을 걸세. 그럼 %(QuestZone) 부근의 검은 %(QuestMonster) 에게서 지도를 찾아 가져오도록 하게.	It is not quite so simple. The map is known to have passed out of human hands into the keeping of a monster of great power. They are very black in colour, so finding them should not be too hard. Recover the map from the black %(QuestMonster) near %(QuestZone).
역시 그렇게 만만한 일은 아니었군요. 하지만 문제없습니다.	So it was not so easy after all. No matter.
Fiat Dei voluntas	Fiat Dei voluntas
Crede Deo	Crede Deo
Crux mihi ancora	Crux mihi ancora
Dii approbent!	Dii approbent!
Usque ad aras	Usque ad aras
Sursum corda	Sursum corda
Sol lucet omnibus	Sol lucet omnibus
Ita me Dii ament, ubi sim nescio	Ita me Dii ament, ubi sim nescio
Fortuna sequatur	Fortuna sequatur
반짝거리는 걸 좋아하는 사람들은 아무거나 상관없겠지만, 정작 중요한건 자신에게 적합한 것을 착용해야만 진정한 효과를 볼 수 있지. 힘을 키우고 싶은 사람이야 이 물건들이 도움이 되겠지만, 그게 자신의 믿음에는 정작 도움이 될지는 의문이라네. 하하하.	Those who like a bit of sparkle will take anything, but what matters is wearing what suits you. Only then do you see the true effect. These will help a man who wants to build his strength, though whether they help his faith is another question. Ha ha ha.
샤모르, 괜찮은 악세서리가 있나요?	Chamor, do you have a decent accessory?
이것들을 사 주시겠습니까?	Would you buy these from me?
다음에 뵙겠습니다.	I will see you next time.
과연 신은 존재할까? 자네는 그런 의문이 들지 않는가?	Does God really exist? Does the question never occur to you?
위에선 믿음을 자꾸 강요하는데, 혹시 이건 수천년동안 성공해온 사기일지도 몰라.	The higher-ups keep pressing faith on us, but this may be a fraud that has been running for thousands of years.
오. 신이시여. 이 믿음없는 놈에게 벼락을 쳐 주소서! 아멘.	O Lord. Strike this faithless wretch with lightning! Amen.
이 위대한 몸이 여기서 반지나 팔고 있다니.. 쩝.	That this magnificent body should be standing here selling rings... tsk.
보호해 준다고 자신에게 맞지도 않은 것을 억지로 착용하지 말게. 뭐 착용할 수도 없겠지만 말일세	Do not force yourself into something that does not fit you just because it protects you. Not that you could wear it anyway.
내가 팔고 있는 물건이 다 떨어졌다면, 2층에 예브게니에게 가보게나. 그 아이도 나랑 같은 물건을 팔고 있으니까.	If I have sold out of what you want, go and see Yevgeny on the second floor. The lad sells the same things I do.
신앙심이 없는 사람의 정신이란 나약하지. 한번 유혹에 손길에 빠지면 절대 되돌아 올 수 없는 길로 빠져 들수도 있다네. 그릇된 길로 빠져 든 그들에게 안식을... 지금 심판의 십자가를 들어라. 내가 너에게 성스러운 치료의 힘을 주겠다.	The spirit of a man without faith is a feeble thing. Once he reaches for temptation, he may fall onto a road there is no coming back from. Rest for those who have strayed onto the wrong path... now raise the cross of judgement. I will give you the holy power of healing.
라흐마노프님, 저에게 치료 마법을 가르쳐 주십시요.	Rachmaninov, teach me healing magic.
새 십자가를 장만하고 싶습니다.	I would like to acquire a new cross.
이것들을 팔고 싶습니다만..	I would like to sell these...
방해해서 죄송합니다. 안녕히 계십시요.	Sorry to disturb you. Farewell.
사람들은 날보고 좀 웃으라지만 다 그만한 이유가 있지.	People tell me to smile more, but I have my reasons.
한니발이 최고의 엑소시스트라니.. 그건 바티칸에서나 가능한 일이지..	Hannibal, the greatest exorcist? That title belongs in the Vatican...
자네가 유혹에 들지 않도록 기도하겠네. 아멘.	I will pray that you are not led into temptation. Amen.
치유의 기적을 행하고 싶다면 나를 따라오게.	If you wish to work the miracle of healing, follow me.
난 이 나이가 되어도 하루에 10시간을 기도한다네. 자네는 어떤가?	Even at my age I pray ten hours a day. And you?
아멘..	Amen...
음.. 잠시만 기다려 보세요.. 모터사이클을 사러 오셨나요? 아니면 수리하러 오셨나요?	Hmm... one moment, please... have you come to buy a motorcycle? Or to have one repaired?
예. 괜찮은 모터사이클을 추천해주세요.	Yes. Recommend me a decent motorcycle.
아. 잠시 구경만 하러 왔습니다. 수고하세요. 칼.	Ah. I only came to browse. Keep up the good work, Karl.
캐나다는 정말 아름다운 나라에요. 가보셨나요?	Canada is a truly beautiful country. Have you been?
리처드슨님이 아니었으면 아마 전 아마 황천행이었을 거에요.	If it were not for Richardson, I would be in the next world by now.
제 고글 어때요? 색상이 멋지지 않나요? 하하.	How do you like my goggles? Fine colour, is it not? Ha ha.
모터사이클은 정말 놀라운 발명품이에요. 네발달린 자동차와는 비교도 안되죠.	The motorcycle is a marvellous invention. No four-wheeled car comes close.
잠시만요.. 무슨 소리가 들렸는데..	One moment... I thought I heard something...
쇠꼬챙이 블라드의 목을 따오는 놈에게는 내가 최강의 마법의 지식을 전수해 주겠다.	To whoever brings me the head of Vlad the Impaler, I will pass on the greatest magical knowledge there is.
나의 형제들이 잃어버렸던 그 고대의 통로를 발견했다는군. 하하하 드디어 때가 왔군.	They say the ancient passage my brethren lost has been found. Ha ha ha, the hour has come at last.
피의 맹약을 이제 실행에 옮길때가 왔도다. 아하하하..	The time has come to carry out the blood oath. Ah ha ha ha...
어둠의 친구들이여.. 이제는 태양을 그리워해서는 안된다네.	Friends of the darkness... you must not long for the sun any longer.
피의 여백작이여.. 아직도 힘을 회복하지 못했는가.. 아..	Countess of Blood... have you still not recovered your strength... ah...
뱀파이어의 마법은 모두 피에서 비롯된다는 것을 알아야 한다네.	Know that all vampire magic springs from blood.
카파티니.. 내가 네 속을 모를줄 아느냐... 이 하찮은 벌레같은 돼지놈..	Carpatini... do you think I cannot see through you... you worthless, worm-like swine...
아침에 뜨는 태양을 보고 있으면, 오늘도 살아있구나..하고 생각한다네...	When I watch the sun rise in the morning, I think: I am alive another day...
네 힘은 바토리의 피에서부터 나온다는 사실을 잊지 말라. 배신자에겐 죽음을!	Never forget that your power comes from Bathory's blood. Death to traitors!
확실히 결정한 것인가? 후회는 없겠지?	Have you made up your mind? No regrets?
네, INT 능력치 1을 보너스 포인트로 전환하겠습니다.	Yes, I will convert 1 point of INT into a bonus point.
다시 생각할 기회를 주십시요.	Give me a chance to think again.
네, DEX 능력치 1을 보너스 포인트로 전환하겠습니다.	Yes, I will convert 1 point of DEX into a bonus point.
네, STR 능력치 1을 보너스 포인트로 전환하겠습니다.	Yes, I will convert 1 point of STR into a bonus point.
내게서 무엇을 배우고 싶은가? 강한 마법을 배우고 싶다면.... 나를 찾아온게 잘한 일이야. 내가 전수할 마법들은 너를 더욱더 강하게 해 줄테니까....큭큭큭... 실컷 피를 갈망하게...그것이야말로 너를 강하게 하는 원천이니까... 어때 내 밑에서 배워보겠는가?	What is it you wish to learn from me? If you want powerful magic... then you did well to come to me. The magic I pass on will make you stronger still... heh heh heh... crave the blood to your heart's content... that is the wellspring of your strength. Well? Will you study under me?
네. 당신의 제자가 되겠습니다. 마법을 가르쳐주십시요.	Yes. I will be your disciple. Teach me magic.
브리콜라카스님, 기술보다... 능력치 관리 문제 때문에 의논드리러 왔습니다.	Vrykolakas, it is not techniques I came about... I want to discuss managing my stats.
피의 전쟁 이벤트 아이템을 받고 싶습니다.	I would like to receive the Blood War event item.
좀더 연습한 후에 찾아뵙겠습니다. 대마법사 브리콜라카스.	I will come to you again once I have practised more, great mage Vrykolakas.
제가 당신의 고귀한 물건들을 보관하는 영광을 누려도 되겠습니까? 당신의 물건을 보관하는 것만으로도 이 카파티니는 영광이라고 생각한답니다. 흐흐흐. 전투중에 필요로 하는 물건들은 저에게 구입하십시오.	Might I have the honour of holding your noble possessions? Merely to keep your belongings is an honour to this Carpatini. Heh heh heh. Buy whatever you need for the fight from me.
보관함을 사고 싶네.. 얼마인가?	I want to buy a storage box... how much?
내 물건들이 잘 있나 한번 보고 싶군.	I want to see whether my things are all in order.
혈청이나 씰 같은 물건들을 사고 싶네.	I want to buy some serum and seals and the like.
내가 가진 물건들을 팔고 싶은데...	I would like to sell what I am carrying...
펫 보관함을 보고 싶다네.	I want to see my pet storage.
몬스터 사냥 퀘스트에 관하여 묻고 싶은 것이 있다네.	I have something to ask about the monster hunting quest.
몬스터 사냥 퀘스트를 완료했다네. 대가는?	I have finished the monster hunting quest. My payment?
몬스터 사냥 퀘스트를 취소하고 싶네.	I want to cancel the monster hunting quest.
스터지(펫) 퀘스트 때문에 왔네.	I have come about the Sturge (pet) quest.
다음번에 자네에게 맡기도록 하지.	I will leave something with you next time.
알고 계실 것이라 생각하지만, 퀘스트를 선택하실때는 현재 자신의 실력을 염두하시고 선택하십시오. 한번에 한 퀘스트만이 가능하니까요.	You will know this, I am sure, but choose your quest with your present ability in mind. Only one quest at a time is possible.
퀘스트를 완벽하게 수행하시면, 제가 그에 따른 확실한 포상을 해드리겠습니다. 꽤 특별한 것들입니다.	Complete a quest properly and I will see you rewarded for it. Quite exceptional things.
제 이름은 카파티니 블라시스 그렌델이라고 합니다.	My name is Carpatini Blasis Grendel.
물건을 보관하실려면 이 비천한 카파티니에게 말씀해주세요..	If you wish to store something, speak to this lowly Carpatini...
제가 판매하는 물건들은 전장에서 실질적으로 유용하게 사용되는 것들 뿐이지요.	The goods I sell are only the sort that are genuinely useful on the battlefield.
혈청과 씰, 변신 아이템들은 사용하기에 따라 훌륭한 전력이 될 수 있답니다.	Serums, seals and transformation items can make a splendid asset, depending on how you use them.
자신의 물건들의 능력을 올리고 싶으시다면, 세쓰에게서 아이템을 구입해 보시는 건 어떻습니까?	If you want to raise the power of your belongings, why not buy an item from Seth?
지금까지 몬스터를 사냥해온 것이 모두 무효로 돌아갑니다. 그래도 퀘스트를 취소하고 싶으신가요?	Every monster you have hunted so far will be forfeited. Do you still want to cancel the quest?
그래.	Yes.
아니. 퀘스트를 계속 하겠어.	No. I will carry on with the quest.
역시 무리였던가요? 나중에 기회가 되면 다시 한번 도전해보시지요.	Too much for you after all? Come and try again when you get the chance.
음. 그럼 이만.	Hm. Until next time, then.
수행중인 퀘스트가 없는데요. 퀘스트에 도전하고 싶으면 말씀해주십시오.	You have no quest in progress. Tell me if you would like to take one on.
실례했네. 그럼 이만.	My mistake. Until next time.
호~ 이제보니 제법 뱀파이어다운 품위를 갖추신 분이시군요. 스터지라면 제가 가지고 있긴 합니다만… 흐흐흐, 당신에게도 필요할 것 같군요.	Ho... now I look at you, you carry yourself with quite the vampire's dignity. As for a Sturge, I do happen to have one... heh heh heh, and I think you have need of it.
스터지 퀘스트가 무엇인가?	What is the Sturge quest?
스터지 퀘스트를 완료하였네. 보상은?	I have completed the Sturge quest. My reward?
드디어 수행 레벨에 도달하셨군요. 축하 드립니다. 스터지라고 아시는지요? 오랜 시간 영겁의 세월 동안 우리와 함께해온 짐승 말입니다. 흠.. 요즘은 아주 희귀해졌지만… 이제 당신에게 이 녀석을 가질 기회를 드리겠습니다. 제가 구하는데 얼마나 힘들었는지 당신은 모르실 겁니다. 이제 보상을 위한 행동을 보여주십시오. %(MonsterName) 은 제가 스터지를 잡으러 다닐 때 가장 귀찮게 굴던 녀석입니다. 제한시간 1시간 동안 80마리를 잡아 오시면 당신을 인정하겠습니다. 수행하시겠습니까?	So you have reached the required level at last. Congratulations. Do you know the Sturge? The beast that has been at our side through ages beyond counting. Hm... they have grown very rare these days... now I will give you the chance to own one. You have no idea what it cost me to find it. So show me something worth the reward. %(MonsterName) gave me the most trouble of all while I was out catching Sturges. Bring me 80 of them within one hour and I will acknowledge you. Will you do it?
사냥을 떠나볼까?	Shall I go hunting, then?
아니야 지금은 쉬겠네.	No, I will rest for now.
어떤 옷을 보여 드릴까요? 말씀만 하시지요. 제가 당신을 위해서 아름답고... 화려한.... 당신이 맘에 들어할 만한 여러가지 의상을 준비해 놓았습니다. 그리고 당신의 강직함과 어울리는 무기와 비드도 마련해 놓았습니다. 어떤 물건들이 있는지 한번 보시겠습니까?	Which garment shall I show you? You have only to say. I have prepared any number of outfits for you, beautiful... splendid... things I think you will like. And I have weapons and beads to match your resolve. Would you care to see what I have?
좋아. 한번 보여줘봐. 발레리.	Fine. Let me see them, Valerie.
이것들을 팔고 싶은데?	I want to sell these.
초보유저 사냥터(테메리에 성지)로 이동하고 싶은데..	I want to go to the beginner hunting ground (the Temerie holy ground)...
칼리고 던전(레벨별 전쟁존)으로 이동하고 싶다.	I want to go to the Caligo Dungeon (the level-based war zone).
피의 성서의 징표를 빌려주겠니?	Would you lend me the token of the Blood Bible?
피의 성서의 징표를 반납할께.	I will return the token of the Blood Bible.
아니. 다음에 보도록 하지.	No. I will see them another time.
카파티니를 조심하세요. 그녀석은 무슨 짓을 할 지 몰라요.	Be careful of Carpatini. There is no telling what he will do.
바토리님이야말로 모든 뱀파이어 마스터들을 지배하실 위대한 분이시죠.	Lady Bathory is the great one destined to rule over every vampire master.
아름답고 화려한 의상들이 준비되어 있습니다.	Beautiful and splendid garments are ready for you.
무기랑 비드가 많이 늦어졌죠? 빨리 구하려 했지만, 물건을 입수하기가 좀 힘들었거든요.	The weapons and beads are rather late, are they not? I tried to be quick, but they were hard to come by.
우리 주변엔 어려운 이웃이 참 많답니다.	There are so many people around us in need.
불우한 이웃들이 보다 많은 온정의 손길을 받을 수 있기를……	May those less fortunate than us receive a warmer hand...
우리의 주위에는 아직도 온정의 손길을 기다리는 불우한 이웃들이 많이 있습니다. 그들을 위하여 당신의 사랑의 손길을 전하고자 불우이웃돕기 모금활동을 하고 있답니다. %(UserName)님께서도 모금 활동에 동참해 주시겠습니까?	There are still many around us in need who are waiting for a kind hand. We are collecting donations so that your love can reach them. Would you care to join the collection too, %(UserName)?
개인으로써 모금에 참여할께	I will give as an individual.
클랜 차원에서 모금에 참여할께.	I will give on behalf of my clan.
따뜻한 손길에 감사 드립니다. 지금 기부하신 금액은 홈페이지를 통하여 게시하도록 하겠습니다. %(UserName)님께서 지금 참여해주신 소중한 성금은 꼭 필요한 곳, 온정의 손길이 필요로 한곳에서 유용하게 쓰여질 것입니다.	Thank you for your warm hand. The amount you have given will be posted on the homepage. The precious donation you have made today, %(UserName), will be put to good use where it is truly needed, where a kind hand is wanted.
성금을 기부할께.	I will make a donation.
다음에 보도록 하지.	I will see you next time.
죄송합니다. %(UserName)님께서는 현재 클랜에 가입되어 있지 않으시거나 정식 클랜원이 아니시군요. 클랜에 가입되어 있지 않으신 분께서는 개인으로 참여해 주시기 바랍니다.	I am sorry. You are not currently in a clan, %(UserName), or you are not yet a full member. If you are not in a clan, please give as an individual.
그럼 개인 기부를 하고 싶어.	I would like to give as an individual, then.
감사합니다. %(UserName)님께서는 %(GuildName)의 클랜원으로써 %(GuildName)의 이름으로 성금을 기부하시는군요. 지금 기부하신 금액은 클랜 이름으로 홈페이지를 통하여 게시하도록 하겠습니다. 게시되는 금액은 합산금액으로 표기됩니다. %(GuildName)의 이름으로 모아주신 소중한 성금은 꼭 필요한 곳, 온정의 손길이 필요로 한곳에 유용하게 쓰여질 것입니다.	Thank you. As a member of %(GuildName), you are donating in the name of %(GuildName), %(UserName). The amount you have given will be posted on the homepage under the clan's name. Posted amounts are shown as a running total. The precious donations gathered in the name of %(GuildName) will be put to good use where they are truly needed, where a kind hand is wanted.
다음에 다시 보도록 하지.	I will see you again next time.
내가 가진 것들은 말야. 당신이 가진 것보다 몇 배는 값진 것들이 많아. 내가 가진건... 이 세상에서 하나밖에 없는 것들이지. 그만큼 비싸고 귀중한 것들이라구. 기본적인 능력들을 올려 줄 수 있지. 어때? 한번 볼테야? 내가 어떤 물건들을 가지고 있는지...	What I have, you see, is worth several times what you are carrying. What I have... there is nothing else like it in this world. That is how costly and how precious it is. It can raise your basic abilities. Well? Care to look? To see what I have...
그래. 한번 보자구.	Fine. Let me see.
이것들을 팔고 싶은데.. 꽤 좋은 것들이라구.	I want to sell these... they are rather good, mind.
나중에 보도록 하지.	I will see you later.
바토리님이야 말로 피의 여백작이라는 별명이 어울리는 분이지.	Lady Bathory is the one who truly deserves the name Countess of Blood.
사실 여자보다는 남자가 더 아름답다는 사실.. 혹시 알고 있어?	The fact is that men are more beautiful than women. Did you know that?
이런 제길.. 가짜 보석이었다니.. 이 보석을 판 놈을 당장 죽여버리겠어!	Damn it all... a fake stone... I will kill whoever sold me this at once!
좀있다가 내 귀여운 것들을 보러 가야겠군. 흐흐.	I had better go and see my pretty things shortly. Heh heh.
이봐. 어때. 내 옷. 정말 잘 어울리지 않아?	Here. Well? My clothes. They suit me rather well, do they not?
블루드롭이야말로, 진정 자신에게 도움이 되는 것이지. 좋은 아이템들을 더 쓸모있게 만들어 주니까 말이야.	The Blue Drop is what genuinely helps you. It makes good items more useful still.
이런 값진 것들을 이정도 가격에 파는 건 당연한 거라고, 마음에 들지 않는다면 다른 곳에 가보라고. 흐흐. 구하기 힘들겠지만.. 으흐흐	Selling things this precious at this price is only natural. If it does not suit you, go elsewhere. Heh heh. You will have trouble finding it... heh heh heh.
자네가 구입하거나 선물 받은 물건은 이 장바구니에 보관 되지. 그리고 장바구니에 보관된 물건들도 나를 통해 찾아가라고!  알고 있겠지? 장바구니는 보관함과 다르게 선물 받은 물건이나 구입한 물건을 맡아 주는 기능만 할 뿐, 자신의 물건을 보관함처럼 저장하는 것은 안된다고. 혹시 구입한 물건들이 다 장바구니에 보이지 않는 것은, 없어진 것이 아니라 현재 장바구니의 물건들을 찾아 간 후에, 보이게 될 테니 괜한 걱정 하지 말고.  그럼 지금 장바구니를 확인할건가?	Anything you buy or receive as a gift is held in this basket. And what is held there, you collect through me! You knew that, I trust? Unlike storage, the basket only holds gifts and purchases; it will not keep your own belongings the way storage does. And if not everything you bought is showing in the basket, it has not been lost. It will appear once you collect what is in there now, so spare yourself the worry. Well, shall you check the basket now?
그래, 장바구니를 확인하겠네.	Yes, I will check the basket.
아니, 다음 기회에 하도록 하지.	No, I will do it another time.
COME BACK,2005 이벤트 대상자인가? 프리미엄도 공짜로 할 수 있고..운 좋은 놈이군..후후. 이번에 이런 좋은 이벤트를 연 마케팅팀에게 감사하라구.. 참여기념 아이템도 받아갈 수 있으니 얼마나 좋아? 안그래?? 아참, 이벤트 기간동안 프리미엄 결제를 신청하면 결제 보너스로 5000원상당의 열랩세트 아이템도 주고 있으니까 꼭 신청하라구.. 꼭!!	Eligible for the COME BACK 2005 event, are you? Premium for free as well... lucky wretch... heh heh. Be grateful to the marketing team for running such a fine event. You get a commemorative item out of it too. Not bad, eh? Oh, and if you sign up for premium billing during the event period, they are throwing in a ten-level set worth 5,000 won as a billing bonus, so be sure to sign up. Be sure!
그래, 잘났어.. 빨리 참여기념 아이템이나 내놓으시지..	Yes, yes, aren't you clever... just hand over the commemorative item...
그래, 당신 말대로 결제 신청했으니까 어서 열랩세트 아이템이나 보여 달라구!	Yes, I signed up for billing as you said, so let me see the ten-level set!
참, 이벤트 아이템은 한계정당 한 개의 아이템만 지급된다구. 지금 접속중인 캐릭터로 받길 원해?	Do note that only one event item is issued per account. Do you want it on the character you are logged in as?
이 캐릭터에 넣어줘.	Put it on this character.
아니, 생각 좀 해볼께	No, I will think about it.
오.. COME BACK,2005 이벤트 대상자로부터 추천을 받았다구? 대단한걸… 좋아, 이 아이템 받아가라구. 앞으로도 추천 많이 해줘..	Oh... recommended by someone eligible for the COME BACK 2005 event, were you? Impressive... fine, take this item. And keep the recommendations coming.
그래 아이템 잘 쓸께..	Right, I will put the item to good use...
내가 잘못 알고 왔군..	I had it wrong...
지금 자네 눈앞에 펼쳐진 광경에 너무 놀라지 말라구. 이건 아무것도 아니니까....	Do not be too shaken by what lies before your eyes now. This is nothing...
모든 일을 뒤로 하고 어딘가로 떠나고 싶은 생각이 들곤하지.	Now and then I get the urge to leave everything behind and go somewhere.
우리 대원 중에 아우스터즈의 결계를 부술 지혜를 가진 자들이 그렇게 부족하단 말인가?	Are we really so short of troops with the wit to break an Ousters' barrier?
어떠한 결계도 부술 수 있는 알베르투스의 마도서라는 것이 있다고 들었네. 자네도 그 사실에 대해 들은 바가 있는가?	I hear there is a grimoire of Albertus that can break any barrier. Have you heard anything of it?
거기 자네, 시간이 나면 꼭 노암 촘스키의 저서들을 읽어보기 바란다. 아마 깨닫는 바가 있을 것이다.	You there, when you have the time, be sure to read Noam Chomsky's writings. You may come to realise something.
성직자 길드 2층에 있는 카인에게 가면 뱀파이어들에 대한 여러가지 책들을 얻을 수 있을 것이다.	Go to Cain on the second floor of the priest guild and you will find all manner of books on the vampires.
E.V.E의 제 2 용병부대는 나머지 10개 부대중에서도 최강이라고 믿고 있네.	I believe E.V.E.'s Second Mercenary Corps is the strongest of all eleven.
나는 카이저 하인리히라네. 자네 카이저의 법칙이라고 들어본 적이 있나? 하하.	I am Kaiser Heinrich. Have you ever heard of Kaiser's Law? Ha ha.
무엇보다도 중요한건 자신의 생명이라는 사실을 명심하라.	Bear in mind that nothing matters more than your own life.
신병! 무기를 담당하고 있는 자크에게 가서 꼭 무기를 받아가도록.	Recruit! Go to Jacques, who handles the weapons, and be sure to draw yours.
현재 슬레이어들의 집결지는 마을의 관공서 건물이다. 제군들이 사용할 모든 무기와 장비들은 우선 이곳에서 지급받는다. 개인 행동을 삼가고, 되도록 무리를 이루어서 이동하도록! 이미 많은 수의 현지민들이 뱀파이어에 의해 희생되었다. 하지만 아직도 많은 사람들이 지역봉쇄로 인해 이곳을 빠져 나가지 못하고 있는 상황이다. 그들의 안전도 자네의 임무에 포함된다는 사실을 잊지말도록. 더이상 뱀파이어 때문에 집과 가족을 잃고 떠도는 사람들이 생기지 않도록 해주길 바란다. 이번 작전은 한 두 명의 뱀파이어들을 상대하는 것이 아니라 엄청난 단위의 수를 상대해야 하기때문에 각별히 조심해야하는 것을 명심하도록! 혹시 뱀파이어에게 물린다면 우리의 규율에 따라 자살하도록... 행운을 빈다.	The slayers' assembly point at present is the government building in town. Every weapon and piece of equipment you will use is issued there first. Avoid acting alone and move in groups wherever possible. A great many locals have already fallen to the vampires. And many more still cannot get out because of the cordon. Do not forget that their safety is part of your duty too. See to it that no more people lose their homes and families to the vampires. This operation does not mean facing one or two vampires but a great many, so take particular care. And should a vampire bite you, take your own life as our code requires... good luck.
잘 알겠습니다. 그럼 이만 가보도록 하겠습니다.	Understood. I will be on my way, then.
이곳 에슬라니안에서 뱀파이어의 움직임이 포착되었다. 정보원에 의하면 이들은 현재 무엇인가를 찾고 있고, 유감스럽게도 태양 빛에 아무런 영향을 받지 않고 돌아다닌다고 한다. 우연의 일치인지는 모르겠지만, 전 세계에 퍼져있던 뱀파이어 마스터들도 이 지방으로 모여들고 있다고 한다. 현재 이들의 출현으로 우리들은 매우 긴장하고 있다. 에슬라니아 정부에서 괴물의 출현으로 정규군의 화력으로는 상대할 수가 없었다. 그 괴물들이 뱀파이어라는 것을 알고 현재 지역 및 언론을 통제한 상황이지. 에슬라니아의 수상은 교황에게 도움을 요청했고, 교황은 우리에게 부탁해 왔다. 마침 마스터들의 이동에 긴장하던 수뇌부는 비밀리에 요원 몇을 파견했지만, 현재 그들과의 소식이 끊어진 상태이다. 그래서 이번에는 현재 소집이 가능한 모든 슬레이어들이 작전에 투입이 될 것이다. 언론과 지역이 봉쇄된 곳이라 활동하기에는 좋은 조건이지. 이번이야말로 우리의 실력을 알릴 좋은 기회라 생각된다. 제군의 활약을 기대하겠다.	Vampire movements have been detected here in Eslanian. According to our informants they are searching for something, and unfortunately they move about wholly unaffected by sunlight. Whether it is coincidence or not, the vampire masters scattered across the world are said to be gathering in this region too. Their appearance has us on edge. The Eslanian government could not meet these creatures with the firepower of its regular army. Having learned they were vampires, it has placed the region and the press under control. The Eslanian premier asked the Pope for help, and the Pope has asked us. Our command, already uneasy at the masters' movements, had sent a few agents in secret, but contact with them has been lost. So this time every slayer we can muster will be committed to the operation. With the press and the region sealed off, conditions for us are good. I consider this an excellent chance to show what we can do. I expect great things of you.
예. 알겠습니다. 부대장님!	Yes. Understood, Commander!
그럼 간단한 지역 브리핑에 들어가겠다. 이번 작전이 펼쳐질 지역은 에슬라니아의 헬레아는 험악한 산세와 경치로 이름은 높지만, 워낙 깊은 지역이라 인적이 뜸한 곳이다. 주민들의 대부분도 관광의 수입에 의존하지 않고 살고 있으며, 화전을 하는 등의 방법으로 살고 있다. 주민들의 지식 수준은 낮은 편이고, 생활 수준 또한 에슬라니아 내에서 가장 떨어진 곳이다. 헬레아는 대지는 넓지만, 평야 지역이 거의 없어서 단지 5개의 도시라고 부르기 어려운 촌락이 자리잡고 있다. 바로 이 촌락 주변에서 뱀파이어들이 출현한 것 같다. 이 촌락들은 불과 수도에서 200Km 정도 떨어져 있지만, 산세가 험하고 도로 교통이 불편한 고립된 지역적 특성때문에 지역및 언론 봉쇄가 쉬웠던 것 같다. 마을은 총 5개로 에슬라니안시를 중심으로 마을은 각기 약 10여 Km의 거리를 두고 형성이 되어 있다.	Then we will begin the area briefing. The operation will take place in Helea, in Eslania, renowned for its rugged mountains and scenery but so deep in the interior that few people pass through. Most of the inhabitants live off slash-and-burn farming rather than tourist income. Education levels are low, and living standards are the poorest in Eslania. Helea covers a wide area but has almost no plains, so it holds only five settlements, barely large enough to be called towns. It appears the vampires have surfaced around these settlements. They lie no more than 200 km from the capital, but the terrain is harsh and the roads poor, and that isolation is presumably what made sealing the region and the press so easy. There are five villages in all, each about 10 km apart, laid out around Eslanian City.
작전을 펼치기엔 최적의 조건인 것 같군요. 더 이야기 해주십시오.	Ideal conditions for an operation, by the sound of it. Tell me more.
현재까지의 정보를 종합하자면 마스터들은 속속 그 지역으로 숨어 들고 있다고 한다. 그 녀석들은 자신의 부하들이 마련한 레어에 안식하면서 부하들로 하여금 무언가를 찾게 하고 있다고 한다. 녀석들의 레어는 마을을 포위한 형상으로 되어 있다고 한다. 문제는 12인이 모두 모인다는 것이다. 지금까지의 기록에도 마스터 12인이 모두 모인 예는 단 한번도 없었다. 무엇을 찾는지는 모르지만 매우 중요하고, 그것이 그 지역 뱀파이어들을 낮에 활동하도록 조종하는 것 같다. 그렇다면 뱀파이어들에게나 우리에게나 매우 엄청난 것임에 틀림이 없지. 자네의 임무는 마스터들이 찾는 그 무엇을 탈취해야 하고 가능하면 마스터들도 제거하는 것이다.	Putting together everything we have, the masters are said to be slipping into that region one after another. They rest in lairs prepared by their servants and set those servants searching for something. Their lairs are arranged so as to encircle the villages. The problem is that all twelve are gathering. In all our records there is not a single instance of all twelve masters assembling. We do not know what they are looking for, but it is clearly important, and it seems to be what allows the vampires there to move about by day. If so, it must be something enormous, for them and for us alike. Your task is to seize whatever the masters are seeking, and to eliminate the masters themselves if you can.
제 임무를 잘 알겠습니다. 다른 지시사항은 없으십니까?	I understand my task. Any further orders?
가상 훈련장은 처음 교육 받는 자들을 위한 곳이다. 넓은 숲을 이용한 장소로 숲 속의 전투시 위험 상황은 도처에 있을 것이다. 교전중 틈틈이 자신의 정보와 레벨을 체크하면 도움이 될 것이다. 정보창은 Ctrl + I를, 레벨창은 Ctrl + K를 누르면 된다. 레벨 5가 되면 에슬라니안 시의 각 길드 3층에 있는 교관에게 가면 기술을 배울수 있다. 다른 질문은 없는가?	The virtual training ground is for those receiving their first instruction. It uses a wide stretch of forest, and in forest combat danger will be everywhere. Checking your information and level from time to time during an engagement will help. Ctrl + I opens the information window, Ctrl + K the level window. At level 5 you can learn skills from the instructors on the third floor of each guild in Eslanian City. Any other questions?
당신은 누구십니까?	Who are you?
E.V.E 란 어떤 조직입니까?	What sort of organisation is E.V.E.?
먼저 브리핑부터 듣겠습니다.	I will hear the briefing first.
그럼 출발하겠습니다.	I will set out, then.
브리핑 내용을 듣지 않았다면 듣고 출발하는 것이 좋을 것 같군. 상황이 상황이니만큼 충분히 숙지하고 전투에 임해야할걸세. 하루에도 몇명의 뱀파이어가 늘어나는지 알수없다네. 더욱더 자네의 활약이 중요한 때니... 질문이 있다면 제군이 알아야 하는 범위 내에 있는 질문에 대해서만 답해주지. 무엇이 궁금한가?	If you have not heard the briefing, you had best hear it before you go. Given the situation, you must know it thoroughly before you enter combat. There is no telling how many vampires their numbers grow by in a single day. Your part in this matters more than ever... if you have questions, I will answer those within what you need to know. What do you wish to know?
죄송합니다만, E.V.E 란 어떤 조직입니까?	Forgive me, but what sort of organisation is E.V.E.?
여기는 정확하게 어느 지역입니까?	Exactly what region is this?
안녕히 계십시요.	Farewell.
아까도 말했지만, 내 이름은 E.V.E 의 제 2 용병부대의 부대장, 이번 작전을 지휘하고 있는 카이저 하인리히이다. 우선 타냐에게 가서 무기에 대한 정보를 얻은 후 자네가 사용할 무기를 자크에게 지급받도록 하게. 이곳을 나가서는 그 어느 누구도 자네에게 생명과도 같은 무기를 줄 수 없다는 것을 명심하고 빼먹고 가는 일이 없도록! 또 다른 질문은 없는가?	As I said before, I am Kaiser Heinrich, commander of E.V.E.'s Second Mercenary Corps and in charge of this operation. First go to Tanya for information on weapons, then draw the weapon you will use from Jacques. Bear in mind that once you leave here nobody can give you a weapon, and your weapon is your life. Do not leave without it! Any other questions?
여기는 어디입니까?	Where is this?
브리핑을 듣도록 하겠습니다.	I will hear the briefing.
뱀파이어들은 기본적으로 죽어있는 몸이라서, 웬만한 총이나 칼을 맞고도 금방 재생이 가능하다는 것은 당연히 알고 있겠지 신참! 그거야 말로 절대 잊어서는 안되는 기본원칙이다. 뱀파이어를 완전히 소멸시키지 않고 뒤돌아섰다가 죽은 놈이 한둘이 아니니까. 본 교관도 그것때문에 거의 죽을 뻔 했었다. 그래. 뭔가 궁금해 하는 얼굴이군. 질문사항 있나?	Vampires are dead bodies to begin with, so of course you know they can regenerate from most gunshots and blade wounds, recruit! That is the one principle you must never forget. More than a few have turned their backs on a vampire they failed to destroy completely and died for it. This instructor nearly died the same way. Well. You have the look of someone with a question. Anything to ask?
궁금한 것이 있습니다.	There is something I would like to know.
예. 검과 도의 차이에 대해서 설명해 주십시요.	Yes. Explain the difference between a sword and a blade.
아.. AR, SMG, SG, SR의 정확한 의미는 무엇입니까?	Ah... what exactly do AR, SMG, SG and SR mean?
십자가와 메이스는 어떻게 다릅니까?	How does a cross differ from a mace?
제가 선택할 수 있는 무기는 무엇무엇이 있습니까?	What weapons can I choose from?
총과 관련된 기술을 배우고자 찾아왔습니다. 가르쳐 주십시오.	I came to learn skills related to firearms. Teach me.
교관 수첩을 교환하려고 합니다.	I would like to exchange an instructor's notebook.
잘 알겠습니다. 수고하십시요. 미스터 자크.	Understood. Keep up the good work, Mister Jacques.
검과 도의 차이도 모르다니. 알짜배기 신참이구만. 뭐 그럴 수도 있지만.. 검은 비교적 가볍고 날이 양쪽에 나 있어서 베기와 찌르기를 할 수 있다. 그렇지만, 뱀파이어들에게는 찌르기가 통한다고 생각하면 안된다. 이미 죽은 몸이라서 아프지도 않을테고. 일격에 심장을 관통시켜서 즉사시키지 않으면 오히려 검을 뽑을 수 없어서 공격자가 위험해진다. 그래서, 가벼운 검이든 무거운 도든 힘껏 휘둘러 두토막을 내서 공격력이나 이동력을 감소시키는게 가장 안전하다. 도는 날이 한쪽으로만 나 있고 검에 비해 무겁고 휘두르는 속도도 느리지만, 한번에 뱀파이어를 두쪽낼 수도 있지. 알겠나?	Not knowing the difference between a sword and a blade. A raw recruit through and through. Well, it happens... a sword is comparatively light and edged on both sides, so it can cut and thrust. But do not imagine thrusting works on a vampire. The body is already dead and feels no pain. Unless you run the heart through and kill it outright, you will not get the sword back out and the attacker is the one in danger. So whether you carry a light sword or a heavy blade, the safest thing is to swing with everything you have and cut it in two, reducing its attack or its movement. A blade is edged on one side only and is heavier and slower to swing than a sword, but it can cut a vampire in half in a single stroke. Understood?
AR, SMG, SG, SR의 차이에 대해서 알고 싶습니다.	I would like to know the difference between AR, SMG, SG and SR.
십자가와 메이스는 둘다 비슷한 것 같은데.. 어떻게 다릅니까?	A cross and a mace look much the same to me... how do they differ?
알겠습니다. 그럼, 무기를 선택하겠습니다.	Understood. I will choose a weapon, then.
잘 알겠습니다. 수고하십시요.	Understood. Keep up the good work.
AR은 소총(Assault Rifle)이다. 보통 총이라고 하면 대체로 소총을 의미하고. 적절한 화력에 적절한 명중률을 지닌 평범한 총이 바로 소총이다. 그리고 가장 많은 슬레이어들이 사용하는 무기이기도 하다. 그다음. SMG는 서브머신건(Sub Machine Gun)으로, 대테러진압부대나 특수부대원들이 사용하는 소형 소총이다. 휴대가 간편하고 가볍지만 화력이 약간 떨어진다는 단점이 있다. SG는 샷건(ShotGun)으로, 제군도 알다시피 산탄총이다. 근거리에서 사용하면 순식간에 뱀파이어를 너덜너덜하게 만들 수 있는 놈이지. SR은 스나이퍼 라이플(Sniper Rifle)의 약자이고, 이름 그대로 원거리에서 뱀파이어의 머리나 심장을 날려버릴때 사용하지. 그 다음?	AR is the assault rifle. When people say "gun" they generally mean a rifle, and the rifle is the ordinary weapon, with reasonable firepower and reasonable accuracy. It is also the weapon most slayers use. Next. SMG is the sub-machine gun, a compact weapon used by counter-terrorist and special forces units. It is light and easy to carry, but its firepower is a little weaker. SG is the shotgun, which as you know fires shot. At close range it will tear a vampire to ribbons in an instant. SR stands for sniper rifle, and as the name says, it is for taking a vampire's head or heart off from a distance. Next?
자크.. 검과 도에 대해서 설명해주실 수 있습니까?	Jacques... could you explain swords and blades to me?
십자가와 메이스라.. 이 무기들은 무엇입니까? 중세 시대도 아니고.. 원..	Crosses and maces... what sort of weapons are these? This is hardly the Middle Ages...
무기를 고르게 해 주십시요.	Let me choose a weapon.
하하.. 뱀파이어 따위를 잡는데 무기는 필요없지요. 그럼, 수고하십시요.	Ha ha... you hardly need a weapon to kill vampires. Keep up the good work, then.
십자가와 메이스라.. 이건 솔직히 내 분야는 아니다. 보통 바티칸의 성직자 출신의 슬레이어들이 사용하는 무기들인데.. 십자가를 들고 다니는 성직자들은 보통 치료나 치유 능력이 강력한 분들이고.. 메이스는 아마 축복 같은 마법을 사용하는 성직자들이라고 알고 있다. 이런 무기들은 교황청에서 직접 특수제작한 것이라서, 뱀파이어에게 치명적인 피해를 준다고 한다. 자세한 것은, 여기 다른 바티칸 출신의 신참에게 물어보기를. 다음?	Crosses and maces... frankly, not my field. They are weapons used mostly by slayers who came out of the Vatican priesthood. The priests who carry a cross generally have powerful treatment and healing abilities, and I gather the mace goes to those who use blessing magic. These weapons are made specially by the Holy See, and they are said to do lethal damage to a vampire. For the details, ask one of the other recruits who came from the Vatican. Next?
검과 도의 차이에 대해서 설명해 주십시요.	Explain the difference between a sword and a blade.
AR, SMG, SG, SR의 정확한 의미는 무엇입니까?	What exactly do AR, SMG, SG and SR mean?
설명 감사합니다. 미스터 자크. 그럼 다음에 뵙겠습니다.	Thank you for the explanation, Mister Jacques. Until next time.
결정했나? 도중에 다른 무기로 바꿔도 되니까 그렇게 고민하지 않아도 되네. 자. 어떤 무기로 할텐가? 음...지급 받은 무기는 어떻게 장착하고 사용하는지에 대해서는 알고 있나? 전투에 임할 군인이 무기장착과 사용법을 모른다는 건 말이 안되지. 내가 보이는 시범을 잘보고 실전에서는 실수없도록 하게. 지급받은 무기는 TAB키를 누르면 뜨는 인벤토리 안에 있네. 이 인벤토리와 무기를 장착할 수 있는 기어창을 CTRL + TAB키를 눌러 띄우고 인벤토리에 있는 아이템을 기어창에 끌어다 각 부분에 맞게 놓으면 되네. 장착한 아이템이 붉은 색으로 보이는경우, 자신의 능력치가 아이템의 능력요구치에 미달되기때문에 붉게 표시되는 것일세. 아이템을 제대로 사용하고 싶다면 자네의 능력치를 올려야한다는 것을 명심하게. 무기 사용은 마우스 왼쪽 클릭을 해야 가능하다. 자네는 아직 초보니 열심히 수련을 해서 Ctrl + K를 눌러 자신의 레벨을 확인하고 레벨 5가 되면 기술을 에슬라니안시 각 길드 3층의 교관들에게서 배울 수 있다네.	Decided? You can switch to another weapon later, so there is no need to agonise over it. Right. Which will it be? Hm... do you know how to equip and use the weapon you are issued? A soldier going into battle who cannot equip or use his weapon makes no sense. Watch my demonstration closely and make no mistakes in the field. Your issued weapon is in the inventory, which opens with the TAB key. Bring up the inventory and the gear window that holds equipment with CTRL + TAB, then drag each item from the inventory onto the matching slot in the gear window. If an equipped item shows in red, that is because your stats fall short of what the item requires. Remember that to use an item properly you must raise your stats. A weapon is fired with a left mouse click. You are still a novice, so train hard, check your level with Ctrl + K, and at level 5 you can learn skills from the instructors on the third floor of each guild in Eslanian City.
가볍고 빠른 검을 선택하겠습니다.	I will take the sword, light and quick.
무겁지만 데미지가 높은 도를 선택하겠습니다.	I will take the blade, heavy but high in damage.
소총(AR)을 선택하겠습니다.	I will take the assault rifle (AR).
서브머신건(SMG)을 선택하겠습니다.	I will take the sub-machine gun (SMG).
산탄총(SG)을 선택하겠습니다.	I will take the shotgun (SG).
스나이퍼 라이플(SR)을 선택하겠습니다.	I will take the sniper rifle (SR).
십자가를 선택하겠습니다.	I will take the cross.
메이스를 선택하겠습니다.	I will take the mace.
죄송합니다만, 자크. 다시 한번 설명해 주시겠습니까?	Forgive me, Jacques. Could you explain that once more?
흠. 이번의 신입은 궁금해 하는 점이 상당히 많군. 그래, 제군? 무엇이.. 그렇게 알고 싶은가?	Hm. This intake has a great many questions. Well then, recruit? What is it you want to know so badly?
미스터 자크. 검과 도의 차이에 대해서 설명해 주십시요.	Mister Jacques. Explain the difference between a sword and a blade.
AR, SMG, SG, SR은 무엇의 약자입니까?	What do AR, SMG, SG and SR stand for?
아. 이제 알겠습니다. 그럼, 무기를 고르게 해 주십시요.	Ah. I see now. Let me choose a weapon, then.
제 인벤토리를 보면 무기이외에 앰플이 있던데.. 어떤 용도로 사용하는 것입니까?	I see ampoules in my inventory as well as the weapon... what are they for?
어? 자네는 아까 무기를 받았다고 기록되어 있는데.. 아닌가? 자네.. 지금 나랑 장난치자는 건가!	Eh? The record says you already drew a weapon... does it not? Are you playing games with me!
죄송합니다. 미스터 자크. 용서해 주십시요.	My apologies, Mister Jacques. Forgive me.
무기들의 자세한 정보들은 타냐에게 가보면 컴퓨터를 이용해 쉽게 검색할 수 있다. 꼭 들러보게. 그럼 건투를 빈다.	For detailed information on the weapons, go to Tanya and you can search it easily on the computer. Be sure to stop by. Good luck to you.
감사합니다. 자크.	Thank you, Jacques.
궁금한 것이 뭔가 제군?	What is it you want to know, recruit?
E.V.E 에 오기전에는 무슨 일을 하셨습니까?	What did you do before you came to E.V.E.?
용병생활을 하셨다고 들었습니다. 용병에 대해 알고 싶습니다.	I hear you served as a mercenary. I would like to know about it.
내 이름은 자크 베르뮐렌이다. 이곳 사령부에서 자네들에게 적당한 무기들과 약간의 돈을 지급하고 있다. 또 궁금한 사항은?	My name is Jacques Vermeulen. Here at headquarters I issue you your weapons and a little money. Anything else?
내가 군에 입대하자마자 월남전에 참전, 전세계의 대부분의 전장을 누비고 다녔지. 마지막으로 프랑스 외인부대에서 용병생활을 접고 은둔하다가 예전에 함께 활동한 적이 있던 카이저 부대장님의 권유로 최근에 이곳으로 오게 되었다. 또 있나?	The moment I enlisted I was sent to Vietnam, and after that I ranged over most of the battlefields in the world. I finished my mercenary days in the French Foreign Legion and went into seclusion, until Commander Kaiser, whom I had served with before, urged me to come here recently. Anything more?
용병은 보수를 받는 댓가로 복무하는 군인을 말한다. 충성심이 부족하고 우수한 자질을 갖춘 자가 적은 것이 단점이지만, 자국민의 보호 또는 부족한 병력의 보충을 위해서 고대부터 흔히 사용해 오던 제도이다. 용병은 충성심이나 자질상의 문제 외에도 금전에 의해서 고용되는, 급료나 기타의 계약조건에 따라 아군이나 적군을 가리지 않고 수시로 소속을 바꾸기도 한다. 용병들은 주로 외국인이라 자국의 군인들과 공동생활을 하거나 협동작전을 실시하는 데에 많은 트러블이 발생하기도 하지. 현재 교황청의 위병 외에 프랑스의 외인부대가 용병으로서 이름이 알려져있지. 이제 알겠나, 제군!	A mercenary is a soldier who serves in return for pay. The drawbacks are a shortage of loyalty and of men of real quality, but the practice has been common since ancient times, to protect a nation's own people or to make up a shortfall in troops. Beyond loyalty and quality, a mercenary is hired for money and will change sides between friend and foe as pay and other terms dictate. Mercenaries are mostly foreigners, so living alongside a nation's own soldiers or running joint operations often causes friction. Today, besides the Holy See's guard, the French Foreign Legion is the best known mercenary force. Understood, recruit?
앰플에는 두 종류가 있다. 붉은색 힐링 앰플과 푸른색인 마나앰플이 있지. 인터페이스 왼쪽 상단에 나타나는 두개의 체력바와 마나바를 보면서 앰플을 사용하면 될 것이네. 앰플 사용방법은 벨트가 없는 경우, 인벤토리를 열어 오른쪽 클릭을 해서 사용할 수 있네. 앰플은 단축키로 지정해서 간편하게 사용할 수도 있는데, 상점에서 벨트 아이템을 사서 벨트 위에다 앰플을 끌어놓을 수 있지. 포켓 수에따라 F1에서부터 최대 F8까지 지정해서 단축키로 사용하면 되네. 위험하다고 느낄때 힐링 앰플을 체내에 주입하면 체력을 증진시켜주고, 기술사용시 소모되는 마법력을 보충하려면 푸른색 마나앰플을 사용하게나.	There are two kinds of ampoule. The red healing ampoule and the blue mana ampoule. Watch the two bars, health and mana, at the top left of the interface and use the ampoules accordingly. Without a belt, you use an ampoule by opening the inventory and right-clicking it. Ampoules can also be assigned to shortcuts for convenience: buy a belt item from a shop and drag ampoules onto the belt. Depending on the number of pockets you can assign them from F1 up to F8 and use them as shortcuts. Inject a healing ampoule when you feel you are in danger and it will restore your health; use the blue mana ampoule to replenish the magic power your skills consume.
잘 알겠습니다. 실전에서도 잊지않겠습니다.	Understood. I will not forget it in the field.
뱀파이어들을 만나면 꼭 심장을 박살내버린 다음, 목을 날려버리도록. 알겠나?	When you meet a vampire, shatter the heart first and then take the head off. Understood?
결국 총도 다른 검, 도같은 무기들처럼 자신의 신체의 일부처럼 익숙해져야 한다.	In the end a gun, like a sword or a blade, must become as familiar to you as a part of your own body.
나를 부를때는 항상 미스터 자크라고 부르기 바란다.	When you address me, always call me Mister Jacques.
신참들은 나에게 와서 관등성명을 댄 다음, 무기를 받아가기 바란다.	Recruits are to come to me, state their rank and name, and draw their weapon.
카이저 부대장님에게 브리핑 받을 때는 정숙해야 한다.	Keep silence when Commander Kaiser gives his briefing.
총을 그따위로 다루다니. 그런 정신으로 무얼 하겠나. 제군!	Handling a gun like that. What do you expect to achieve with an attitude like yours, recruit!
카이저 부대장님이 아니었다면, 나는 아마 폐인이 되었을거야. 항상 그분께 감사한 마음뿐이지..	If it were not for Commander Kaiser I would be a wreck by now. I owe that man everything...
내 손으로 그놈들을...	With my own hands, those creatures...
세계 곳곳을 누비고 돌아다녔지만, 이 곳만큼 그녀석들이 활개치고 다니는 곳은 처음이야.	I have ranged over every corner of the world, but I have never seen them run as free as they do here.
더 알고 싶다면 타냐에게 가보도록 하게. 직접 원하는 무기정보를 검색할 수 있을거야.	If you want to know more, go and see Tanya. You can search for the weapon information you want yourself.
장난이라고 생각하지말게. 실전이라는 걸 항상 명심하도록!	Do not treat this as a game. Bear in mind at all times that this is the real thing!
자네는 뱀파이어의 진정한 의미를 알고 있는가? 하긴 자네는 아직 어려서 아직 그들의 진실된 존재에 대해서는 모를 법도 하군. 물론, 총과 칼로 그들에 맞서 싸우는 것도 중요하지만, 오히려 그 불멸자들의 비밀에 대해서 지적인 차원의 접근이 더욱 중요한 순간도 있다네. 그들은 그 존재 자체도 불멸이지만, 그 종족들 역시 불멸하기 때문이지. 하나 둘 정도야 불태워 죽일 수도 있겠지만, 그들 전체를 절멸시킬려면... 음.. 아.. 미안하네. 조금 더 연구할 거리가 생각났군. 여기 책들을 보면 자네가 앞으로 싸워야 할 뱀파이어들에 대해서 조금은 알 수 있을 걸세. 그럼..	Do you know what a vampire truly is? Then again, you are still young, so perhaps it is only right that you do not know their true nature. Fighting them with gun and blade matters, of course, but there are moments when approaching the secret of those immortals through the intellect matters more. They are immortal not only as individuals but as a species. You could burn one or two of them, but to wipe out the whole of them... hm... ah... forgive me. Something else to research just occurred to me. Read the books here and you will learn a little about the vampires you must fight. Well then...
잠시만요. 저. 당신은 누구시길래 뱀파이어들에 대해서 그렇게 소상히 알고 계십니까?	One moment. Who are you, to know the vampires in such detail?
제가 읽을 만한 책들을 소개해 주시겠습니까?	Would you recommend some books worth reading?
내가 내 소개를 안했던가? 미안하네. 그냥 카인이라고 불러주게. 그럼 나는 이만 연구를 하러 가야 겠네.	Did I not introduce myself? My apologies. Just call me Cain. Now I must get back to my research.
알겠습니다. 그럼 여기 있는 책들을 잠시 보겠습니다.	Understood. I will look through the books here for a while, then.
말씀 감사합니다. 그럼 저는 이만 가보겠습니다.	Thank you. I will be on my way.
나는 여기 E.V.E에 얽매인 몸은 아니라네. 단지 객원 연구원일 뿐이지.	I am not bound to E.V.E. here. I am only a visiting researcher.
다양한 매체들의 정보를 취합해보면 세상이 얼마나 음모에 가득차 있는지 알 수 있다네.	Gather information from a range of sources and you begin to see how full of conspiracy the world is.
세상의 대부분의 조직들은 다 뱀파이어들과 조금씩 연관을 맺고 있다는 조사결과가 나왔다네.	Our findings show that most of the world's organisations have some connection to the vampires.
여기 책들을 잘 읽어보면 뱀파이어들에 대해서 웬만큼을 알 수 있다네.	Read the books here carefully and you will learn a fair amount about the vampires.
타냐같은 딸이 있다면 정말 좋겠네. 예쁘지. 똑똑하지. 그런데 왜 아직 애인이 없을까?	I should love a daughter like Tanya. Pretty. Clever. So why has she still no sweetheart?
혹시 임무를 하다가 오래된 책들을 발견하면 꼭 나에게 가져오게나.	If you come across any old books while on a task, be sure to bring them to me.
타냐 세라노입니다. 무엇을 도와드릴까요.	Tanya Serrano. What can I do for you?
당신에게 궁금한 것이 있습니다.	There is something I would like to ask you.
가상 훈련 시스템에 참여하고 싶습니다.	I would like to take part in the virtual training system.
무기 정보를 검색하려는데 좀 도와주시겠습니까?	I want to search for weapon information. Could you help me?
만나서 반가웠습니다. 타냐.	It was good to meet you, Tanya.
기술을 배우러왔습니다.	I came to learn a skill.
제게... 뭐가 궁금하신가요?	What is it... you want to know?
타냐, 당신이 이곳에서 하는 일은 무엇입니까?	Tanya, what is your work here?
E.V.E 에는 어떻게 오시게 되었나요?	How did you come to be at E.V.E.?
전 E.V.E 내에서 정보전략을 담당하고 있습니다. 현재는 이곳 임시사령부로 와서 슬레이어들이 무기검색을 용이하게 하기위해 도우미 역할을 하고 있습니다. 현재 에슬라니안의 상황에 대해 들으셨습니까? 카이저 부대장님께 가시면 상세한 브리핑을 받으실 수 있을겁니다.	I handle information strategy within E.V.E. At present I am at this temporary headquarters, helping the slayers search for weapon information. Have you heard about the situation here in Eslanian? Go to Commander Kaiser and he will give you a detailed briefing.
우연히 해킹한 CIA 컴퓨터에 국가기밀이라고 되어있던 문서를 좀 보게되었습니다. 그 기밀이 너무도 엄청난 내용이더군요. CIA의 요원들이 뱀파이어와 연루된 내용들에 대한 것이었어요. 낮동안 활동하기 힘든 뱀파이어들을 대신해서 요원들 몇몇이 대신 일을 봐주고 있었던 것에 대한 내용들이었습니다. 전화통화 내용과 거래장부, 문서들이 수북했습니다. 클릭할수록 정말 짜릿하더군요. 내가 이런 일에 휘말리게 되다니.. 라는 생각에 빠져 문서를 계속 읽다가... 그만 추적당해서 제 위치가 드러났습니다. 실수였죠. 정부기관에서 찾아와서 제가 본 내용과 저를 흥정하더군요. 2년 전 마약을 한 것에 대해 꼬투리를 잡으면서 무기징역감이라며 협박하더군요. E.V.E 에 들어가는 것을 조건으로 내걸어서... 할수없이 그 조건을 수락하고 이곳에 오게되었죠.	I once hacked a CIA computer by chance and happened to read a document marked as a state secret. The secret in it was quite extraordinary. It covered the CIA agents' involvement with the vampires. Several agents had been handling business for vampires who cannot easily move during daylight. There were transcripts of calls, ledgers, piles of documents. Every click was a genuine thrill. I was so caught up in the thought that I had stumbled into something like this that I read on... and was traced, and my location exposed. A mistake. A government agency came for me and bargained over what I had seen and over me. They dug up a drugs charge from two years earlier and threatened me with a life sentence. They set joining E.V.E. as the condition... so I had no choice but to accept it, and here I am.
무기를 지급받으시려면 자크씨에게 가 보세요. 그분은 컴퓨터 못지 않게 무기에 대해 알고 계시니까... 가시면 많은 정보를 얻을 수 있을겁니다. 아참! 자신이 가지고 있는 아이템의 사용법을 보시려면 탭(TAB)키를 눌러 인벤토리를 띄운후 아래쪽에 있는 돋보기 버튼을 클릭하세요. 그리고 정보를 얻고자 하는 아이템을 클릭하면 그 아이템에 대한 사용법이 간략하게 뜹니다. 유의하시고 사용하세요. 그럼.. 건투를 빌겠습니다.	To draw a weapon, go and see Mister Jacques. He knows as much about weapons as any computer... go to him and you will learn a great deal. Oh, and to see how an item you are carrying is used, press TAB to bring up the inventory and click the magnifier button at the bottom. Then click the item you want to know about and a brief description of its use will appear. Keep that in mind. Well... good luck to you.
안녕히 계세요.	Goodbye.
힐계열을 배우시겠습니까? 인챈트 계열을 배우시겠습니까?	Will you learn the heal line, or the enchant line?
힐 계열을 배우겠습니다.	I will learn the heal line.
인챈트 계열을 배우겠습니다.	I will learn the enchant line.
기술보다는 당신이 이곳에서 하는 일을 알고 싶습니다.	Rather than skills, I would like to know what you do here.
기술은 나중에 배우도록 하겠습니다. 그런데.. E.V.E 에는 어떻게 오시게 되었나요?	I will learn skills later. But... how did you come to be at E.V.E.?
기술연마보다는 무기 정보를 검색하려는데 좀 도와주시겠습니까?	Rather than training, I want to search for weapon information. Could you help me?
기술은 나중에 배우도록 하겠습니다. 만나서 반가웠습니다. 타냐.	I will learn skills later. It was good to meet you, Tanya.
그냥 타냐라고 불러주세요.	Just call me Tanya.
컴퓨터는 단지 컴퓨터일 뿐입니다. 그걸 사용하는 사람이야말로 정말 뛰어난 존재죠.	A computer is only a computer. It is the person using it who is truly remarkable.
하긴 요즘은 컴퓨터보다 못한 인간들도 많으니깐요. 컴퓨터는 최소한 정직하거든요.	Then again, there are plenty of people worse than a computer these days. A computer is at least honest.
무기 정보를 검색하시려면 이 컴퓨터를 사용하세요.	Use this computer to search for weapon information.
자크씨에게 무기를 받으시는 것을 잊지 마세요. 무기를 가지고 가지 않았다가 돌아오는 경우를 몇번 봤거든요.	Do not forget to draw your weapon from Mister Jacques. I have seen people set off without one and have to come back a few times now.
스크립트 키디따위에게 해커란 이름을 붙일 순 없어요.	You cannot call a script kiddie a hacker.
정보전략을 담당하고 있는 타냐입니다.	Tanya, in charge of information strategy.
모르는 것은 저에게 물어보세요. 제공할 수 있는 만큼 정보를 드리지요.	Ask me anything you do not know. I will give you what information I can.
카이저 부대장님께 대략적인 설명은 들으셨나요? 듣지 않았다면 가보세요. 중요한 말씀을 많이 해주실거에요.	Have you had the general explanation from Commander Kaiser? Go and see him if you have not. He has a great deal of important things to tell you.
항상 긴장하는 것을 잊지마세요. 느긋했다가.. 목이 달아난 사람 여럿봤으니까...	Never forget to stay alert. I have seen more than a few people lose their heads for taking it easy...
무기에 대해서는 자크씨도 컴퓨터 못지 않답니다. 더 알고 싶은 게 있으면 그에게 찾아가는 것도 도움이 될거에요.	When it comes to weapons, Mister Jacques is a match for any computer. If there is more you want to know, going to him will help.
이 시콜스키의 기장 매튜 그레엄 소령이다. 필요하다면 맷이라 불러도 좋지만, 비행할 때 기장님이라 부르도록. 이동 지점은 어디인가?	I am Major Matthew Graham, captain of this Sikorsky. Call me Matt if you like, but in the air it is Captain. Where are you headed?
페로나국도로 가고 싶습니다.	I want to go to the Perona highway.
자유대결지대로 가고 싶습니다.	I want to go to the free duel zone.
피의 성서의 징표를 빌리러 왔습니다.	I have come to borrow the token of the Blood Bible.
피의 성서의 징표를 반납하겠습니다.	I will return the token of the Blood Bible.
그냥 둘러보고 있는 중입니다. 방해해서 죄송합니다.	I am only looking around. Sorry to disturb you.
벨트를 단단히 매길. 이 헬기에는 문짝이 없으니 날아가 버릴지도 모르니깐. 하하하!	Strap in tight. This bird has no doors, so you may well be blown out. Ha ha ha!
이착륙시에는 소음과 진동이 심하니깐, 몸을 의자에 밀착시키고 귀를 막고 있도록!	Take-off and landing are loud and rough, so press yourself into the seat and cover your ears!
이곳에 특별한 안전장치는 없으니, 자신이 자신의 안전을 지키도록!	There are no special safety devices here, so look after yourself!
좌석 뒤쪽에는 낙하산이 있다. 낙하산 착용법쯤은 알고 있겠지?	There are parachutes behind the seats. You know how to put one on, I trust?
임무명령서만 갖고 오면, 10분 내에 원하는 곳에 떨어뜨려 주지.	Bring me your orders and I will drop you where you want within ten minutes.
자유대결지대는 동족간의 대결을 위한 '올트'와 동족,타 종족에 관계없이 자유 대결을 즐길 수 있는 '바나툴'이 있다. 원하는 장소를 선택하게나.	The free duel zone has "Olt", for duels within your own kind, and "Banatul", where you can duel freely regardless of kind. Choose where you want to go.
올트로 가고 싶습니다.	I want to go to Olt.
바나툴로 가고 싶습니다.	I want to go to Banatul.
다시 생각해보고 정하겠습니다.	I will think it over and decide.
개인으로써 모금에 참여하고 싶습니다.	I would like to give as an individual.
팀 차원에서 모금에 참여하고 싶습니다.	I would like to give on behalf of my team.
따뜻한 손길에 감사 드립니다. 지금 기부하신 금액은 홈페이지를 통하여 게시하도록 하겠습니다. %(UserName)님케서 지금 참여해주신 소중한 성금은 꼭 필요한 곳, 온정의 손길이 필요로한 곳에서 유용하게 쓰여질 것입니다.	Thank you for your warm hand. The amount you have given will be posted on the homepage. The precious donation you have made today, %(UserName), will be put to good use where it is truly needed, where a kind hand is wanted.
성금을 기부하겠습니다.	I will make a donation.
다음에 다시 찾아 뵙겠습니다.	I will call on you again next time.
죄송합니다. %(UserName)님께서는 현재 팀에 가입되어 있지 않으시거나 정식 팀원이 아니시군요. 팀에 가입되어 있지 않으신 분께서는 개인으로 참여해 주시기 바랍니다.	I am sorry. You are not currently in a team, %(UserName), or you are not yet a full member. If you are not in a team, please give as an individual.
그럼 개인 기부를 하고 싶습니다.	I would like to give as an individual, then.
예 알겠습니다.	Yes, understood.
감사합니다. %(UserName)님께서는 %(GuildName)의 팀원으로써 %(GuildName)의 이름으로 성금을 기부하시는군요. 지금 기부하신 금액은 팀 이름으로 홈페이지를 통하여 게시하도록 하겠습니다. 게시되는 금액은 합산금액으로 표기됩니다. %(GuildName)의 이름으로 모아주신 소중한 성금은 꼭 필요한 곳, 온정의 손길이 필요로한 곳에 유용하게 쓰여질 것입니다.	Thank you. As a member of %(GuildName), you are donating in the name of %(GuildName), %(UserName). The amount you have given will be posted on the homepage under the team's name. Posted amounts are shown as a running total. The precious donations gathered in the name of %(GuildName) will be put to good use where they are truly needed, where a kind hand is wanted.
성금을 기부합니다.	I am making a donation.
하핫! 나는 스킵이라네. 스킵 버슬러 대위. 이 낡아빠진 시콜스키의 기장이지. 그래. 무슨 일인가? 비행명령서는 있는가?	Ha ha! I am Skip. Captain Skip Bustler. Pilot of this clapped-out Sikorsky. Well? What is it? Do you have flight orders?
예. 대위님. 무사길드 건물로 급히 이동해야 합니다.	Yes, Captain. I need to get to the warrior guild building urgently.
대위님. 성직자 길드 건물의 헬기장에 내려 주십시요.	Captain. Set me down at the priest guild building's helipad.
대위님. 페로나국도로 가고 싶습니다.	Captain. I want to go to the Perona highway.
수고하십시요. 스킵 대위님.	Keep up the good work, Captain Skip.
비행을 하는 사람이면 일기예보에 귀를 기울이지. 오늘은 바람이 불 것 같다고 하더군.	Anyone who flies keeps an ear on the forecast. They say it will be windy today.
야간비행은 정말이지 힘들다구! 시야도 좁아지고 비행하기 얼마나 까다로운데...정말이지 이곳에 오는 사람들은 밤낮가리지 않아 미치겠다구!	Night flying is genuinely hard work! Your field of view narrows and it gets so much trickier... and the people who come here have no regard for day or night, it drives me mad!
제대로 된 헬기장이 없는 비행장에서 이착륙할 때가 가장 땀나는 순간이야. 잘못하면... 기체가 바닥에 주저앉아버려 큰 사고를 낳지.	Taking off and landing at a field with no proper helipad is when I sweat most. Get it wrong... and the airframe settles onto the ground and you have a serious accident.
난 자네의 목숨까지 책임지지 않아. 이 시콜스키에서 추락하면.. 그 후의 일은 나는 모르는 일이라구!	I do not take responsibility for your life as well. If you fall out of this Sikorsky... what happens after that is no concern of mine!
자유대결지대는 동족간의 대결을 위한 '올트'와 동족,타 종족에 관계없이 자유 대결을 즐길 수 있는 '바나툴'이 있다네. 선택하게나.	The free duel zone has "Olt", for duels within your own kind, and "Banatul", where you can duel freely regardless of kind. Take your pick.
수고하십니다. 저는 이 슈퍼 스탤리온의 기장 게리 오스틴입니다. 이번 목적지는 어디입니까?	Good day. I am Gary Austin, captain of this Super Stallion. Where to this time?
무사길드 건물입니다.	The warrior guild building.
군인길드 건물입니다.	The soldier guild building.
페로나국도입니다.	The Perona highway.
자유대결지대입니다.	The free duel zone.
아. 아닙니다. 실례했습니다.	Ah. Never mind. Excuse me.
벨트를 매지 않으면, 추락할 수도 있으니 주의하세요.	Take care to strap in, or you may fall out.
저는 매일 엔진을 정비한답니다. 그렇지 않으면 언제 말썽을 일으킬지 모르는 녀석이거든요.	I service the engine every day. Otherwise there is no telling when she will give trouble.
오늘 같은 날씨는 비행하기 좋은 날씨이죠. 비나 천둥이 치는 날에는 언제 사고가 날지 모르니, 조심해서 비행하죠.	Weather like today's is good flying weather. On days of rain or thunder there is no telling when something will go wrong, so I fly carefully.
이 곳 에슬라니아에서는 헬기를 이용하면 걸어서 이동하는 것보다 덜 위험하답니다.	Here in Eslania, taking the helicopter is less dangerous than travelling on foot.
자유대결지대는 동족간의 대결을 위한 '올트'와 타 종족에 관계없이 자유 대결을 즐길 수 있는 '바나툴'이 있습니다. 선택하여 주십시오.	The free duel zone has "Olt", for duels within your own kind, and "Banatul", where you can duel freely regardless of kind. Please choose.
다시 생각해 보고 정하겠습니다.	I will think it over and decide.
누구냐? 나의 공간에 허가없이 들어온 녀석이?	Who is this? Who enters my domain without leave?
위대하신 마스터, 저는 당신의 종이 되고자 이렇게 찾아왔습니다.	Great master, I have come to become your servant.
죄송합니다. 마스터. 지금 당장 이곳을 떠나겠습니다.	Forgive me, master. I will leave this place at once.
네가 누군지 알고? 블라드의 개일지도 모르는데...? 네가 나의 충성스런 종이 될 자격이 있는지... 시험해봐야겠다. 너의 피를 내게 바쳐라!	And who are you? Vlad's dog, for all I know... I must test whether you are fit to be my loyal servant. Offer me your blood!
알겠습니다. 저의 더러운 피라도 원하신다면...	Understood. If even my filthy blood is what you desire...
저는 그저 브리콜라카스님의 명령으로 에르체베트 바토리님의 안위를 살피러 왔습니다.	I came only on Vrykolakas' orders, to see to Lady Erzsebet Bathory's wellbeing.
죄송합니다만 마스터, 꼭 저의 피를 바쳐야만이 믿음을 드릴 수 있을까요?	Forgive me, master, but must I offer my blood before you will trust me?
브리콜라카스가 보냈다고? 그래? 브리콜라카스는 지금 어떻게 지내고 있느냐?	Vrykolakas sent you? Did he? And how does Vrykolakas fare these days?
브리콜라카스님은 언제나 마스터만을 걱정하십니다. 에슬라니아의 모든 젊은 처녀들의 신선한 피를 모으고 계시지요.	Lord Vrykolakas thinks of nothing but you, master. He is gathering the fresh blood of every young maiden in Eslania.
그래.. 브리콜라카스의 걱정때문에라도 내가 빨리 힘을 키우지 않으면 안되겠지. 너도 당장 가서 신선한 피를 모아오거라.	I see... if only for Vrykolakas' sake, I must build my strength quickly. Go at once and gather fresh blood yourself.
예. 마스터!	Yes, master!
너의 마음을 이제 알겠다. 나의 충실한 종이 되었으니, 내가 너에게 임무를 부여하겠다. 네가 할 일은 나의 힘을 키울 수 있게 피를 모으는 것과 블라드가 가지고 있는 피의 성서를 가지고 오는 것이다. 이 두가지를 가져오는 자에게 내가 포상을 내릴 것이다.	Now I see your heart. You have become my faithful servant, so I will set you a task. Your work is to gather blood so that my power may grow, and to bring me the Blood Bible that Vlad holds. Whoever brings me these two shall have my reward.
잘 알겠습니다. 즉시 명령에 따르겠습니다.	Understood. I will obey at once.
나에게 너의 하찮은 피를 바치기 싫다고? 그럼 죽음 뿐이지. 자 선택해라! 내게 피를 바칠지, 죽음을 선택할 지를 말이다.	You will not offer me your worthless blood? Then death it is. Choose! Give me your blood, or choose death.
피를 바치겠습니다.	I will offer my blood.
죽음을 택하겠습니다.	I choose death.
네 혓바닥은 간교한 뱀과 같구나. 이 벌레만도 못한 것아. 당장 여기서 썩 나가거라.	Your tongue is as cunning as a serpent's. You are lower than a worm. Get out of here this instant.
물러가겠습니다. 마스터.	I will withdraw, master.
내 손을 더럽히기 싫다. 썩 꺼져라!	I will not soil my hands. Get out!
내가 이렇게 된 이상, 더욱 더 많은 피를 흡수하지 않으면 안 된다. 가서 신선한 피를 가져오거라!	Now that I am reduced to this, I must take in more blood still. Go and bring me fresh blood!
내 피를 보충하기 위해 더 많은 여자들을 잡아와야 한다.	More women must be taken to replenish my blood.
밖에 아무도 없느냐? 신선한 피가 필요하다! 어서 가져와라!	Is there nobody out there? I need fresh blood! Bring it at once!
블라드가 가지고 있는 피의 성서를 내 앞으로 가져오는 자에게 포상을 내리겠다.	Whoever brings me the Blood Bible that Vlad holds shall have my reward.
네놈들이 그정도 밖에 안 되는가? 더 많은 여자들을 데려와라!	Is that the best you can do? Bring me more women!
약해빠진 것들... 꼴보기도 싫다! 썩 꺼져라!	Feeble creatures... I cannot stand the sight of you! Get out!
에슬라니아의 모든 여자들을 잡아와라. 집안 구석구석을 뒤져서 한명도 빼지 말고!	Take every woman in Eslania. Search every corner of every house and leave not one!
내 충성스런 부하들아! 가서 블라드의 목을 가져와라.	My loyal servants! Go and bring me Vlad's head.
네놈들의 충성심이 그 정도 밖에 안된다면... 할 수 없지. 다들 내 손에 죽일 수 밖에...	If that is the limit of your loyalty... so be it. I shall have to kill you all myself...
블라드의 목을 가져오는 충성스런 나의 부하에게 내 그만큼의 충분한 포상을 할 것이다.	Whichever of my loyal servants brings me Vlad's head shall be rewarded in full measure.
브리콜라카스는 내 마법의 스승이었지. 현재 그를 따를 자는 아무도 없어. 나 조차도...	Vrykolakas was my master in magic. There is nobody alive to match him. Not even I...
피의 성서만 있으면.. 나는 최강이 된다. 다른놈들의 것도.. 내 손안에 들어오는 날에는 세상은 나의 것이다.	With the Blood Bible... I become the strongest of all. And on the day the others' copies fall into my hands, the world is mine.
난 아직도 건재하다. 너같은 조무래기들은 순식간에 사라지게 만들수도 있지.	I am still formidable. Small fry like you I could make vanish in an instant.
아직도 나를 따르는 충직한 부하들이 있기 때문에 빨리 내가 일어서지 않으면 안되지.	There are servants loyal to me still, and for their sake I must rise again quickly.
다시 내가 일어서는 날엔 블라드는 저 세상으로 가게 될 것이다.	On the day I rise again, Vlad will be sent to the next world.
블라드의 목을 따오면 그 자리에서 그의 피를 마시리라!	Bring me Vlad's head and I shall drink his blood where I stand!
나의 부하들 몇몇이 배신을 하고 블라드 진영으로 들어갔다. 내가 일어서는 날이 그놈들의 제삿날이 될 것이다.	Several of my servants turned traitor and went over to Vlad's camp. The day I rise will be the day of their funeral.
피의 성서가 하나 더 있으면 다른 마스터들도 비교적 협조하는 태도로 나올 것이다. 그렇게 되면 나를 비웃었던 놈들을... 찾아내어 내 발을 핥게 할테다.	With one more Blood Bible the other masters will come to me in a rather more cooperative frame of mind. And then those who laughed at me... I shall hunt them down and make them lick my feet.
이 곳에 함부러 침입하다니... 너의 정체를 밝혀라!	To trespass here so carelessly... declare yourself!
더이상 다가오면 네 목이 달아날 수 있다는 것을 명심해라!	Come one step closer and bear in mind that your head may leave your shoulders!
마스터는 너같이 하찮은 놈을 상대하실 시간이 없으시다! 썩 꺼져라!	The master has no time for worthless creatures like you! Get out!
너의 발소리로 인해 마스터가 불편해하셨다면 너를 즉시 죽음으로 내몰리라!	If your footsteps have disturbed the master, I will send you to your death this instant!
한번만 더 이곳에 발을 들여놓으면 그때는 너의 목숨이 온전하지 못할 것이다!	Set foot here once more and your life will not be left whole!
어디로 들어왔느냐? 이곳은 너같은 놈이 함부로 들어올만한 곳이 아니다!	How did you get in? This is no place for the likes of you to wander into!
너같이 천한 놈이 여기가 어디라고 함부로 들어왔느냐! 썩 꺼져라!	Where do you think you are, you lowly wretch, to come barging in! Get out!
여기는 마스터가 쉬는 곳이다. 이곳에서 썩 나가라!	This is where the master rests. Get out of here!
뼈가 으스러지는 고통을 느끼고 싶다면, 계속 입을 놀려라!	If you want to feel your bones crushed, keep running your mouth!
조용히 해라! 마스터께서 노하신다!	Silence! You will anger the master!
웬 놈이냐?	Who goes there?
이런 험한 곳을 제발로 찾아오다니... 젊은 나이에 이런 곳에서 썩고 싶나? 나같으면 당장 돌아가겠어! 그런데.. 나를 찾아온 용건은?	To walk into a place as rough as this of your own accord... do you want to rot here in the prime of your life? If it were me I would turn back this instant! So... what brings you to me?
다친 곳이 있습니다. 고쳐주십시오.	I am injured. Treat me, please.
야전사령부로 돌아가고 싶습니다.	I want to return to the field headquarters.
치료앰플과 총알을 사고 싶습니다.	I want to buy treatment ampoules and ammunition.
제가 가지고 있는 몬스터 머리를 팔고 싶습니다. 값을 후하게 쳐주시겠습니까?	I want to sell the monster heads I am carrying. Will you give me a good price?
이 아이템을 수리할 수 있을까요?	Could you repair this item?
별로 볼 일이 없는 것 같습니다.	It seems I have no business here after all.
자네 목숨이 아깝지도 않은가? 내가 자네 나이라면 이런 곳에 들어오려고 하지 않을게야.	Have you no regard for your own life? At your age I would not set foot in a place like this.
난 여기서 일한지는 얼마 안되었네. 이곳에서 다시금 삶이라는 것을 소중하게 생각하게 되었지.	I have not been working here long. This place taught me to value life all over again.
임시사령부 밖으로는 나가보지 못했네. 저 아래 숲속에 무시무시한 놈들이 있다는 건...치료받으러 오는 사람들을 통해 들었지.	I have never been outside the temporary headquarters. That there are terrible things down in that forest... I have only heard from the people who come in for treatment.
내 본업은 모 제약회사 연구원일세. 이런 곳으로 파견 오게될 줄은 꿈에도 생각못했었어.	My real job is researcher at a certain pharmaceutical company. I never dreamed I would be posted somewhere like this.
에슬라니안 시에 잠깐 다녀온 적이 있었지. 정말 아름다운 동네였어. 어느 누구가 봐도 그곳을 악마의 소굴이라고 생각하지 않을게야.	I went to Eslanian City briefly once. A truly beautiful place. No one who saw it would ever take it for a devil's den.
어떻게 오셨습니까? 제가 도와드릴 일이 있다면 말씀해 주십시오. 제가 할 수 있는 일이라면.. 기꺼이 도와드리겠습니다.	What brings you here? If there is anything I can do, tell me. If it is within my power... I will gladly help.
전투 중에 뱀파이어에게 공격을 받았습니다. 이 상처를 치료해 주십시오.	I was attacked by a vampire in combat. Treat this wound, please.
치료앰플이나 총알을 사고 싶습니다.	I want to buy treatment ampoules or ammunition.
제가 모아온 몬스터 머리를 사주시겠습니까?	Will you buy the monster heads I have collected?
이 아이템을 수리하고 싶습니다만...	I would like to repair this item...
빨리가서 전투를 도와야겠습니다. 안녕히 계십시오.	I must hurry back and help with the fighting. Farewell.
이런 곳이 있다는 것은 꿈에도 몰랐습니다. 현재 에슬라니안 시내에도 많은 수의 뱀파이어가 있다고 들었습니다.	I never dreamed such a place existed. I hear there are a great many vampires inside Eslanian City itself.
뱀파이어들이 에슬라니아로 모여들어 그들의 수가 점점 늘어나고 있는 중이라고 하더군요.	They say the vampires are gathering in Eslania and their numbers are steadily growing.
저 아래쪽의 폐가는 뱀파이어가 우글거리고 있어서 대부분 사람들이 가기를 꺼리는 곳이랍니다. 그곳을 지나갈 때 조심하세요.	The ruined house down there is crawling with vampires, and most people avoid going near it. Take care when you pass by.
현재 몇몇지역은 뱀파이어 마스터가 장악했다고 하더군요. 그 지역 사람들은 미리 피난처로 이동해서 뱀파이어의 수를 줄였으니...그나마 다행이지요.	I hear a vampire master has taken control of several areas. The people there moved to shelters in advance, which kept the vampire numbers down... small mercy, at least.
이곳은 임시 사령부입니다.	This is the temporary headquarters.
간단한 브리핑을 카이저 부대장님께 받고 전투에 임하셔야 도움이 되실 겁니다.	It will help you to take a short briefing from Commander Kaiser before you go into combat.
자신이 상대해야하는 적은 인간이 아니라는 것을 명심하십시오.	Bear in mind that what you face is not human.
뱀파이어들은 낮동안의 작열하는 햇빛을 받으면 몸이 타 버리기때문에 주로 밤에 활동한답니다.	Vampires burn in the blazing daylight, so they are mostly active at night.
이정도로 놀라지 마십시오. 이것보다 더한 것들을 경험하게 될 테니까요.	Do not be shocked by this much. You are going to see far worse.
언론을 철저하게 봉쇄하고 있어서 외부인들은 이곳에서 일어나는 일들을 모르고 있을겁니다.	The press is sealed off completely, so outsiders will know nothing of what happens here.
E.V.E.는 대 뱀파이어전을 위해 각국의 특수부대들이 연합하여 창설된 일종의 특수부대라고 할 수 있습니다.	E.V.E. is a kind of special forces unit, formed by the special forces of many nations joining together to fight the vampires.
저도 제가 자원해서 왔지만.. 이정도 일 줄은 몰랐습니다.	I volunteered to come here myself... but I had no idea it would be like this.
처음에 적응기간 동안, 밤마다 들리는 처절한 비명 소리때문에... 잠을 이룰 수가 없었습니다.	At first, while I was settling in, the desperate screaming every night... I could not sleep for it.
그놈들이 이 세계를 지배하지 않도록 여러분들이 활약해 주십시오.	Do what you can to keep those creatures from ruling this world.
이곳은 말야. 내가 사막에서 지낼때보다 더 험하지. 차라리 그곳의 생활이 그리워~	This place, you know, is rougher than my time in the desert. I almost miss life out there.
항상 자신의 몸은 자신이 챙겨야 해. 여기선 나 이외의 것들에게 신경 쓸 시간이 없지.	You have to look after yourself at all times. There is no time here to worry about anything but yourself.
그런것들에... 신경쓰다간... 자신이 황천행이니... 말야.	Fret over things like that... and it is you who ends up in the next world.
그래서... 죽어나가는 대원들이... 많지.	Which is why... a lot of our people... die out there.
자네도 조심하라구! 그놈들을 얕잡아봐선... 안돼!	You be careful too! Do not underestimate those things... don't!
나랑.. 낸시랑은.. 쌍둥이 자매예요. 정말.. 닮았나요?	Nancy and I... we are twin sisters. Do we... really look alike?
낸시가.. 이곳으로 먼저 오게 되었어요. 얘기를 들어보니... 별천지같아서...자원했어요.	Nancy came here first. From what she told me... it sounded like another world... so I volunteered.
정말.. 처음엔.. 적응안되던데... 당신은 어땠나요?	It really did... take some getting used to at first... how was it for you?
저랑 같이 들어온 20명의 동기들 중에서.. 저를 포함해서 5명 정도.. 남아있답니다.	Of the twenty in my intake, about five of us are left. Counting me.
시 외곽지역으로 나 있는 숲은 뱀파이어 출몰지역입니다. 그곳을 지나실때.. 특히 조심하세요!	The woods out towards the city limits are vampire territory. Take special care when you pass through!
신발과 장갑과 방패 매매를 맡고 있는 테리입니다. 칼을 사용하신다면, 방패는 필수지요. 저 말고 옆에 있는 낸시와 폴에게서도 기본적인 아이템들을 구입하실 수 있으니 둘러보십시요. 구입하시겠습니까?	I am Terry, in charge of boots, gloves and shields. If you fight with a blade, a shield is essential. You can buy basic items from Nancy and Paul beside me too, so do look around. Will you buy something?
네, 보여주십시요.	Yes, show me.
제가 가지고 있는 물건들을 사주시겠습니까?	Would you buy what I am carrying?
됐습니다. 다음에 구입하지요.	No, thank you. I will buy another time.
타냐에게 가서.. 무기정보를 검색해 보십시오. 무기 다루는데... 도움이 될 겁니다.	Go to Tanya and search the weapon information. It will help you handle your weapon.
이곳에 와서 가지고 있던 총과 탄알을 개조했습니다. 아무래도... 인간에게 사용하던거랑은.. 조금은 틀리니까요.	When I came here I had my gun and rounds modified. They are a little different, after all, from what you use on people.
아참! 무기에 관해서라면... 자크씨한테.. 가보십시오. 저도 그분한테... 많이 배웠으니까요.	Oh, and where weapons are concerned... go and see Mister Jacques. I learned a great deal from him myself.
은으로 된 무기를 사용하면.. 뱀파이어어게 치명적인 상처를 줄 수 있습니다. 저도 탄알에 은도금을 했답니다.	Silver weapons can do a vampire mortal harm. I had my rounds silver-plated too.
가족들이.. 너무 보고싶군요. 잘들.. 지내는지... 걱정이 되네요.	I miss my family so much. I worry whether they are... all right...
저는 질드레 레어 및 마스터 레어의 입장을 담당하고 있는 낸시입니다. 레어로 이동을 원하신다면 저를 이용하시면 됩니다. 단, 질드레 레어의 경우는 서브 캐릭터 이용을 방지하기 위하여 러스트 타워 1F로 이동시켜주고 있습니다.	I am Nancy, in charge of entry to the Gilles de Rais lair and the master lairs. If you want to travel to a lair, come to me. Note that in the case of the Gilles de Rais lair we send you to Lust Tower 1F, to prevent the use of sub-characters.
질드레 레어로 이동하고 싶습니다.     	I want to go to the Gilles de Rais lair.
바토리 레어로 이동하고 싶습니다.	I want to go to the Bathory lair.
테페즈 레어로 이동하고 싶습니다.	I want to go to the Tepes lair.
클론 바토리 레어로 이동하고 싶습니다.	I want to go to the Clone Bathory lair.
클론 테페즈 레어로 이동하고 싶습니다.	I want to go to the Clone Tepes lair.
다음에 이용하도록 하겠습니다.	I will use it another time.
제가 있던 곳에서도 엄청난 것들을 다루었지만... 이곳에 비하면... 아무것도 아니네요.	We handled some extraordinary things where I came from... but next to this place... it was nothing.
저는 폭발물을 해체할때 등에서 식은땀이 흐르곤 하죠. 언제 터질지 몰라.. 조마조마 하니까요.	Defusing explosives brings me out in a cold sweat. Not knowing when it will go off... it keeps you on edge.
자크씨한테.. 무기 받으셨나요? 받지 않았다면.. 빨리 가보세요. 무기가... 떨어질지 모르니까요.	Have you drawn your weapon from Mister Jacques? If not, go quickly. He may run out.
저 아래 숲속에.. 뱀파이어들이 많이 있습니다. 저들은.. 사람들이.. 올때를 기다리죠.	There are a great many vampires down in that forest. They lie in wait... for people to come.
조용히 뒤로 다가와 당신의 목을 노리고 있을지도 모릅니다. 조심하세요!	One may be creeping up behind you right now, going for your throat. Be careful!
듣던 것보다.. 상황이 안좋네요. 최악을 상황으로 치닫기 전에.. 우리가 막아야합니다.	The situation is worse than I had heard. We have to stop it before it turns to the worst.
빨리 그들을 막지 않으면.. 더 심각한 상황으로 까지 갈 수 있다는 것을 명심하셔야합니다. 그때가 오면.. 그 누구도 막을 방법이 없을테니까요...	Bear in mind that if we do not stop them soon, things could grow far more serious. And when that day comes, nobody will have any way to stop it...
항상 당신의 목을 노리고 있을겁니다. 조심하세요	They will always be going for your throat. Be careful.
그놈들은 피 냄새에 민감합니다. 다쳤다면.. 인근지역의 병원으로 찾아가서 치료하세요. 당신마저 잃고 싶지 않습니다.	They are sensitive to the smell of blood. If you are hurt, go to a hospital nearby and get treatment. I do not want to lose you too.
밤의 전투가 우리들에겐 더 힘들지요. 되도록이면.. 다른 슬레이어들도.. 저녁시간대를 피하고 있습니다.	Night fighting is harder on us. The other slayers avoid the evening hours wherever they can.
내가.. 나쁜 놈들한테.. 당해서.. 쓰려져 있는 것을 마크가 도와주었네. 조금이나마 내 기술이 그에게 도움이 되지 않을까 해서.. 도와주려고...이곳에 왔지.	I was beaten down by some bad people and left lying there, and Mark helped me. I came here hoping my skills might be of some small help to him in return.
정말.. 이곳은 험한 곳이야. 사람이 살지 않는 이유를 알겠어.	This really is a rough place. I can see why nobody lives here.
자네도.. 이곳에 얼마 있다보면.. 익숙해 지겠지... 처음엔...나도 자네같았으니까... 허허	You will get used to it too... after a while here... I was just like you at first... ha ha.
여기선.. 말일세.. 별의별 일이 다 일어난다네.. 별천지같아서 가끔씩 나도.. 놀랄 때가 있지.	Here, you see... all manner of things happen. It is another world, and even I am startled now and then.
저 숲속의 뱀파이어들은.. 다른곳의 뱀파이어에 비해.. 비교적 상대하기 쉽다고 하더구만.	They say the vampires in that forest are comparatively easy to handle... next to the ones elsewhere.
저는 수중전 특수부대에 있었습니다. 저희 부대의 일부 요원들이 이곳에 파견된 상태이지요.	I served in an underwater special forces unit. Some of our people have been posted here.
지금 당신이 보는 것이 전부가 아니라는 것만 명심하십시오. 언제 어떻게 상황이 전개될지는 아무도 모릅니다.	Only bear in mind that what you see now is not all of it. Nobody knows when or how the situation will develop.
현재의 상황에 대해서 들으셨을텐데... 당신의 임무를 잘 파악하고 행동하는 것이 중요합니다.	You will have heard about the present situation... what matters is understanding your task and acting on it.
무기를 지급받지 않으셨다면.. 자크씨에게 가보십시오. 그분이 무기담당이니까요.	If you have not been issued a weapon... go and see Mister Jacques. He handles the weapons.
살상은 바람직하지 않은 것이라고 교육받았습니다만은 이곳에서의 전쟁은 살상만이 아니라.. 우리를 지키는 것이 우선이라 생각합니다.	I was taught that killing is not to be desired, but the war here is not only about killing... protecting ourselves comes first, I think.
뱀파이어들이 왜 밤에만 힘이 세지는지 아세요? 제가 조사한 바로, 그들은 달빛에 영향을 많이 받는다고 해요. 그래서... 만월 저녁에는 평소보다.. 더 힘이 세 지죠.	Do you know why vampires grow stronger only at night? From what I have researched, they are greatly affected by moonlight. So... on the evening of a full moon they are stronger than usual.
서양의 전설에 의하면, 뱀파이어들이 싫어하는 것 중에 하나가.. 마늘이라고 하더군요. 그런데.. 그런 얘기들이.. 근거가 없는 것은 아니라고 해요.(?)	Western legend has it that one of the things vampires cannot abide is garlic. And apparently such stories are not without foundation.
영화나 책에서 보면... 루마니아의 쇠꼬챙이 왕자(?) 블라드 테페즈를 많이 모델로 해서.. 작품을 발표하곤 했죠.	In films and books, works are often modelled on Vlad Tepes, the impaler prince of Romania.
현실과 동떨어진 이야기로만 생각했었는데.. 실제로 보니까... 더욱 더 잔인한 면들과 가려진 면들이 많네요. 더욱더 연구해 보고 싶어지네요~	I always thought of it as a story remote from reality, but seeing it for myself... there is far more cruelty to it, and far more hidden away. It makes me want to research it further.
은으로 된 도구나... 무기들은.. 뱀파이어를 상대하는 당신한테... 도움이 될 거랍니다.	Tools and weapons made of silver will help you when you face a vampire.
뱀파이어들이 날쌔다는 것 알고 계세요? 그들의 행동은 정말 빨라요. 순식간에.. 다가와서.. 목을 물어버리죠.	Did you know vampires are quick? Their movements are genuinely fast. They close the distance in an instant and bite through your throat.
지금.. 저 숲속에 있는 뱀파이어들은 눈을 번뜩이면서.. 이쪽을 정찰하고 있을겁니다.	Right now the vampires in that forest are watching this way, eyes glinting.
정신 똑바로 차리고 경계하세요.	Keep your wits about you and stay alert.
이곳에 와서 처음엔...늑대 울음소리에 놀라 잠을 깬 적이 많았는데...지금은 많이 익숙해졌지요.	When I first came here the howling of wolves woke me many a night... I am well used to it now.
항상 조심하세요! 어디서 노리고 있을지 모르니까요...	Be careful, always! There is no telling where they are waiting...
자네도..이곳에서 생활하려면.. 꽤나 힘들걸세. 보아하니..귀하게 자란 것 같구만...	Living here will be quite hard on you too. From the look of you... you were raised in comfort...
자네의 판단으로 오게 된 이곳이 어떤 곳이라는 것을... 2주일간 지내보면.. 알게 될걸세.	Spend two weeks here and you will understand what sort of place your own judgement has brought you to.
실력이 늘길 원한다면... 많이 총을 쏘고... 내려치고... 베어야 할걸세.	If you want to improve, you must shoot a great deal... strike a great deal... and cut a great deal.
많은 뱀파이어들의 머리를 베어서... 가져오게. 그렇게 하면.. 자네의 실력이 커가는 것을 알게 될걸세.	Cut off a great many vampire heads and bring them back. Do that and you will see your ability growing.
내가 주로 사용하는 스나이핑은... 뱀파이어의 머리와 가슴을 노리고 한방씩 은탄알을 사용해서.. 명중시켜야 하네.	The sniping I mostly use means aiming for the vampire's head or chest and putting a single silver round into it.
나는 주님의 뜻을 받아 이곳으로 왔네. 자네도.. 주님의 뜻을 받들어.. 저 사악한 무리들을 처단해 주게.	I came here at the Lord's bidding. Take up the Lord's will yourself and cut down that wicked host.
항상 자네를 위해서 기도하겠네. 주님의 천사들이 자네를 지켜줄 걸세.	I will pray for you always. The Lord's angels will watch over you.
항상 우리를 지켜주시는 주님... 오늘 하루도..모두.. 무사히 지낼수 있도록 지켜주소서.	Lord, who watches over us always... keep us all safe through this day too.
주님이 자네와 함께 하시네. 걱정하지 말고.. 나가서.. 싸워주게나~	The Lord is with you. Do not worry, go out and fight.
성부와 성자와 성령의 힘으로 아멘...	By the power of the Father, the Son and the Holy Spirit, amen...
악세사리를 담당하고 있는 폴입니다. 의상은 낸시에게, 신발 및 장갑 등은 테리에게서 구입하실 수 있습니다. 악세사리를 구입하시겠습니까?	I am Paul, in charge of accessories. You can buy clothing from Nancy and boots and gloves from Terry. Will you buy an accessory?
군인은 나 자신을 위해서 싸우는 것이 아니다. 모두를 위해서.. 전투에서 용맹하게 싸워야만 한다!	A soldier does not fight for himself. He must fight bravely in battle for everyone!
이곳에 온 이상 나를 버리도록 하라! 지금 이시간부터 나는 없는 것이다.	Once you come here, cast off the self! From this moment on there is no "I".
무조건... 앞으로 나아가서.. 싸우도록 하라! 뒤에서 너를 엄호할테니...걱정말도록!	Go forward, no matter what, and fight! We will cover you from behind, so do not worry!
자신의 무기들은 다들 은도금을 하도록! 좀 더 효과를 볼 수 있을 것이다.	Have your weapons silver-plated, all of you! You will see rather better results.
그 놈들을 상대하려면.. 머리와 가슴을 노리도록!	To face those creatures, aim for the head and the chest!
이곳의 상황을 대충 들으셨겠지요? 정말.. 황당하지 않습니까? 그저 영화속에서의 일이라고 생각했던 일들이.. 실제한다는 것이?	You will have heard roughly how things stand here? Absurd, is it not? That what we took for something out of a film should be real?
여기와서.. 참.. 많은 것들을 배웠죠. 특히 생명의 소중함을 다시 한번 깨닫게 되었답니다.	Coming here taught me a great deal. Above all it made me realise again how precious life is.
그들때문에... 많은 사람들이 죽어갔습니다. 정말.. 가슴 아팠죠.	Because of them, a great many people have died. It broke my heart.
사랑하는 사람을 잃은 사람들의 슬픔을 느낄 수는 없었지만... 그들의 고통을 느낄 수 있었답니다.	I could not feel the grief of those who had lost the ones they loved... but I could feel their pain.
당신도 조심하세요! 당신을 사랑하는 사람이 당신때문에 슬퍼하지 않도록 말이에요~	You be careful too! So that nobody who loves you has to grieve over you.
주님이 항상 당신을 보호하실겁니다. 나아가서.. 용맹하게 싸우십시오!	The Lord will protect you always. Go forth and fight bravely!
전투에 나가기 전 기도하는 것을 잊지마십시오. 하느님께서 당신에게 이길수 있는 힘을 주실 것입니다.	Do not forget to pray before you go into battle. God will give you the strength to win.
하느님 감사합니다. 오늘하루도.. 이렇게 조용하게 지나가게 해주셔서....	Thank you, God. For letting this day pass quietly too...
즐겁게 찬양하도록 하지요. 뱀파이어들이 우리들이 찬양소리에 기가 죽어 멀리 달아날 수 있게...	Let us sing his praise gladly. So that the vampires lose heart at the sound of it and flee far away...
우리를 사랑하시는 주님, 저들에게 천사들의 힘과 솔로몬 왕의 지혜를 내려주소서.	Lord, who loves us, grant them the strength of angels and the wisdom of King Solomon.
어서오십시오. 이곳은 에슬라니아 시 외곽 북쪽 지역에 위치한 임시 사령부입니다.	Welcome. This is the temporary headquarters, in the northern district outside Eslania City.
정신똑바로 차리고 제 이야기를 잘 들으십시오. 저는 두번 말씀드리지 않습니다.	Keep your wits about you and listen carefully. I do not say things twice.
먼저 카이저 부대장님께 가서 간단한 브리핑을 받으십시오. 전투에 임하기에 앞서 도움이 될 것입니다.	First go to Commander Kaiser for a short briefing. It will help you before you go into combat.
타냐양에게 가서 간단하게 자신이 사용하고자 하는 무기에 대한 정보를 얻고 무기선택에 신중을 기하십시오.	Go to Miss Tanya, get some basic information on the weapon you intend to use, and choose carefully.
그런후, 자크씨에게 가서 무기를 지급받으면 무기까지의 지급이 끝나게 됩니다.	After that, go to Mister Jacques and draw your weapon, and the issue is complete.
벌써.. 이곳은 죽은 땅이 되었네. 이곳을 살릴 수 있는 방법은 저 뱀파이어놈들을 쓸어내는 일 밖에는 없지.	This is dead ground already. The only way to bring it back is to sweep those vampires out.
이곳을 살리기 위해서... 자네들이 열심히 싸워주어야 하네.	To bring this place back to life... you must fight hard.
저놈들은.. 마스터를 제거하기만... 하면.. 오합지졸 꼴이 될게야. 자네가 마스터를 없애야 하네!	Take out the master... and those creatures become a rabble. You must destroy the master!
그 놈들이 ... 뭘 원하는지.. 상부에서는 아직 밝히고 있지 못하고 있네. 빨리.. 알아내야 할텐데...	Command still has not established what those creatures want. We need to find out quickly...
자네의.. 임무는..잘 알고 있는가? 잘 모른다면.. 전후사정 브리핑을 야전 사령부에 계신 카이저 부대장님께 듣고 출발하게나~	Do you know your task well? If not, get the full briefing from Commander Kaiser at the field headquarters before you set out.
저는 뱀파이어에 대한 프로젝트때문에 이곳으로 오게되었습니다. 하지만.. 쉽게 적응할수 있는 곳은 아니군요.	I came here because of a project on the vampires. But... it is not an easy place to settle into.
이곳으로 온지 얼마 안되었는데... 벌써부터 사람이 그립네요. 많은 사람들이 북적거리는 대도시가 그리워요.	I have not been here long and I already miss people. I miss a big city bustling with crowds.
저 강을 따라.. 내려가시면.. 에슬라니안 마을이 나올거에요. 그곳에는 임시 기지가 있답니다.	Follow that river down and you will come to Eslanian village. There is a temporary base there.
저 숲속 어두운 곳까지 들어가지 마세요. 위험해요.	Do not go into the dark parts of that forest. It is dangerous.
다치셨다면.. 야마모토씨에게 가보세요. 아프지 않게 고쳐주실거에요.	If you are hurt... go and see Mister Yamamoto. He will patch you up painlessly.
이곳에서 매일밤 들리는 소리는 정말.. 처절하답니다. 한번 들으면.. 그 소리가.. 영원히 귀에서 떠나지 않죠~	The sounds you hear here every night are truly harrowing. Hear it once and it never leaves your ears.
살려달라고 외치는데.. 저기서 외치고 있는데.. 두려워서 구하러가지 못하는 제가 한심스럽게 느껴질 때가 많답니다.	Someone crying for help... crying out right over there... and I am too afraid to go to them. I often feel pathetic for it.
비록.. 제가 할 줄아는 것은 별로 없지만. 이곳에서 당신들이 안전하게 치료받을 수 있도록... 끝까지 돕겠습니다.	I may not be able to do much, but I will help to the end, so that you can be treated safely here.
두려움을 없애는...(?) 담력을 가지고 있지 않으면.. 이곳에서 하루도.. 살아갈 수가 없을겁니다.	Without the nerve to put fear aside, you would not survive a single day in this place.
매일매일 기도하며 힘들때 의지하도록 하세요. 주님께서는 당신을 저버리지 않으시고 지켜주실거에요.	Pray every day and lean on it when things are hard. The Lord will not forsake you; he will watch over you.
카오스의 영생불멸 존재들이여. 이곳으로 오십시오. 블라드님의 은총아래.. 당신들은 영원히 영원히 비참하지 않으며, 화려한 삶을 누릴 수 있을 것입니다. 제가.. 가진 물건들도 카오스님께서 친히 내려주신 것들입니다. 그만큼 최상이지요. 자~ 한번 보시겠습니까?	Immortal beings of Chaos. Come here. Under Lord Vlad's grace... you will never know misery again, and you will live a life of splendour. The goods I carry were given to me by Lord Chaos himself. They are of the very highest quality. Now, will you take a look?
IK LAB으로 이동하겠습니다.           	I will go to IK LAB.
힐라놈으로 이동하겠습니다.           	I will go to Hilanom.
준저터널로 이동하겠습니다.           	I will go to Junjeo Tunnel.
바토리 던전 4층으로 이동하고싶습니다.                                                	I want to go to the fourth floor of Bathory Dungeon.
질드레  석상으로 이동하겠습니다.    	I will go to the Gilles de Rais statue.
에슬라니안 던전으로 이동하겠습니다. 	I will go to Eslanian Dungeon.
취소하겠습니다.                                 	I will cancel.
제게... 궁금한 것이 있다구요? 호홋~ 무엇이 궁금하신가요? 당신이 어떤 질문을 할지.. 제 수정구슬로 미리 들여다 볼까요? 어디.. 보자~ 구슬이 말하길... 당신이.. 제게.. 궁금한 것이 아주 많다고 하는군요. 호호.	Something you want to ask me? Ho ho. What is it you wish to know? Shall I look into my crystal ball and see what you are about to ask? Let us see... the ball says... you have a great many questions for me. Ho ho.
프리야. 여러곳을 다니셨을텐데.. 그중에서.. 아름다운 곳은.. 어땠는지.. 궁금하군요.	Priya. You must have travelled to many places... I wonder which of them was the most beautiful.
당신은 어떻게 뱀파이어가 되었고, 블라드님과는 어떻게 만나셨나요?	How did you become a vampire, and how did you meet Lord Vlad?
제 미래를 보여주실수 있을까요?	Could you show me my future?
죄송합니다. 이만 가봐야 할 것 같군요. 수고하십시오.	Forgive me. I should be going. Keep up the good work.
아름다운 곳이라.. 도시보다는 시골의 한적한 곳이 더욱 더 아름답지요. 시골의 들판을 지날 적에는 저는 항상 마차를 세워 그곳의 경치를 느끼곤 했죠. 호호~ 봄날의 마차길은.. 정말로... 화려해서... 그냥.. 지나가기.. 아까울 정도랍니다. 호호~ 글쎄... 아름다운 곳이 너무나도.. 많아서.. 한곳을 딱 찝어.. 말씀드리기 힘드네요.	Beautiful places... the quiet places in the country are far more beautiful than the cities. Crossing a country field I would always stop the carriage and take in the view. Ho ho. A carriage road in spring is truly... so splendid that it seems a shame to simply pass through. Ho ho. Well... there are so many beautiful places that it is hard to pick just one.
블라드님은.. 제가.. 집시로 떠돌던 때 뵈었지요. 어느날 밤 마차를 끌고... 시골 강가를 지날 때였습니다. 안개가 자욱하게 내린 그 어둠 속에서 그분은 서 계셨지요. 어찌나... 빛이 나던지.. 그때를 생각하면.. 아직도.. 흥분이 되는군요. 그분은 그런 어둠속에서도 빛이나는 분이었죠. 그 만큼 그분의 종으로 살고 싶었습니다. 그래서.. 당장.. 마차에서 내려.. 그분에게 달려가... 저를 그분의 종으로 삼아달라고 간청했습니다. 그 날이후로.. 그분과 함께 있게되었죠.	I met Lord Vlad when I was wandering as a gypsy. One night I was driving the carriage past a country riverbank. He stood there in the darkness, in a thick-lying mist. How he shone... thinking of it still stirs me. He was a man who shone even in such darkness. That is how much I wanted to live as his servant. So I climbed down from the carriage at once, ran to him, and begged him to take me as his servant. From that day on I have been at his side.
프리야. 당신은 어떻게 뱀파이어가 되셨나요?	Priya. How did you become a vampire?
어디보자... 구슬이 당신의 미래를 점쳐줄 수 있을지 모르겠네요. 이녀석은... 사람을 가리거든요~ 얘야~ 이분의 미래를 보여줄 수 있겠니? 호호~ 흐음... 구슬에 나타난 것을 보니까... 당신의 미래는.. 선명하지는 않지만... 조금은 밝은 미래를 기대해 볼만 한 것 같군요. 음... 그런데.. 이것만은...잊지마세요. 당신의 미래는 당신에게 달려 있다는 것을... 호호호	Let us see... I do not know whether the ball will read your future. It is particular about people. There, my dear. Will you show me this one's future? Ho ho. Hmm... from what has appeared in the ball... your future is not clear, but there seems to be a somewhat bright one worth hoping for. Hm... but do not forget this one thing. That your future rests with you. Ho ho ho.
블라드님과는 어떻게 만나셨나요?	How did you meet Lord Vlad?
잘 들었습니다. 이만 가봐야 할 것 같군요. 수고하십시오.	Thank you for telling me. I should be going. Keep up the good work.
그래요~ 오늘도... 신선한 피와 함께... 하시길...	Yes... may today too be spent... with fresh blood...
구슬은.. 거짓말은.. 하지 않는답니다. 그래서 저의 오랜 친구이기도 하죠.	The ball never lies. Which is why it is an old friend of mine.
제 아무리... 날고 뛴다고 해도.. 제 손 안에.. 있는 것처럼.. 훤히 볼 수 있답니다.	However high and fast one may fly... I can see it all as plainly as if it lay in the palm of my hand.
우리의 제왕님은.. 영원하실 겁니다. 바토리가.. 다시 힘을 되찾는다 하더라도.. 말이죠.	Our sovereign will be eternal. Even should Bathory recover her strength.
영원한 생명을 얻은 우리들은.. 그만큼.. 블라드님께.. 충성을 다해야 한다는 것을 잊으면.. 안됩니다.	We who have been granted eternal life must never forget that we owe Lord Vlad an equal measure of loyalty.
제 구슬에 성지를 이어주는 새로운 길이 보이고 있어요. 그곳은 여기서 멀지 않답니다.	A new road linking the holy grounds is showing in my ball. It is not far from here.
이 악세서리들이 비싸다고 생각하시는 분들도 계시는데 모든 물건들은 그 가격에 맞는 값어치를 합니다. 절 믿어주세요	Some think these accessories expensive, but every one of them is worth what it costs. Trust me.
제가 판매하고 있는 것들은, 당신의 능력들을 효과적인 전술에 사용할 수 있도록 도와 드릴 것입니다	What I sell will help you turn your abilities into effective tactics.
블루드롭을 찾으러 멀리까지 가시지 말고, 저에게 오세요.	Do not travel far for Blue Drops. Come to me.
서로에게 진실된 모습이야말로, 연인들에서 가장 중요하다고 할 수 있죠.	Being true to one another is the most important thing there is between lovers.
혹은 잘못된 선택으로 헤어지게 되더라도, 상심하지는 마세요. 누구나 실수는 할 수 있는 것이니까요.	And if a wrong choice should part you, do not lose heart. Anyone can make a mistake.
무엇이 필요하신가요? 말씀만 하십시오. 제가 가지고 있는 물건 중에서... 원하시는 것이 없다면 구해드리겠습니다.	What do you need? You have only to say. If nothing I have is what you want, I will get it for you.
아그네.. 당신에게 궁금한 것이 있습니다.	Agnes... there is something I would like to ask you.
당신이 가지고 있는 코트를 한번 볼까요?	Might I see the coats you have?
제가.. 가지고 있는 물건들을.. 좀 팔까 하는데...	I was thinking of selling some of the things I am carrying...
실례했습니다. 가봐야겠네요.	Excuse me. I had better be going.
제게... 궁금한 것이 있으시다구요? 사적인 이야기라면.. 별로 하고 싶지 않은데요...	Something you want to ask me? If it is personal, I would rather not...
아그네... 인간이었을 때가 궁금합니다. 그때의 이야기를 들려주세요.	Agnes... I would like to know about your time as a human. Tell me about it.
이런곳에 있을 사람으로 보이지 않는데... 어떻게 이곳으로 오게되었나요?	You do not look like someone who belongs in a place like this... how did you come to be here?
카임에게 마법을 배운 적이 있다고 들었습니다. 어떤 마법을 배우셨나요?	I hear you once learned magic from Caim. What magic did you learn?
아~ 이런! 제 몸속에서 피가 모자란다는 신호를 보내고 있군요. 가서 신선한 피를 마셔야겠습니다.	Ah, dear me. My body is signalling that I am short of blood. I must go and drink something fresh.
처음 뵙는 분한테... 제 개인적인 이야기는 하고 싶지 않네요. 즐거운 이야기도 아니구요. 하지만 궁금해 하신다면... 가난이라는 것을 아세요? 가난 속에서 사는, 가지지 못한 자들은... 사는 것이 고통의 연속이랍니다. 저의 삶이 그러했지요. 8명의 아이들 중에서 장녀는 특히나 가족들을.. 부양해야한다면.. 더욱더 그렇죠. 그래서 저는 15살때 집에서 나와 뒷거리로 갔습니다. 고통이었지만.. 어린 나이에 가족을 먹여살리려고... 하지만... 가족들이 매 한끼를 떼우기엔.. 턱없이 부족하더군요. 동생들이 죽을 때마다...부정하고 싶었습니다. 죽은게 아니라고... 흑흑... 처음뵙는 분한테... 이런 모습까지 보이고... 죄송합니다.	I would rather not tell my personal story to someone I have only just met. It is not a happy one, either. But if you want to know... do you know what poverty is? Those who live in it, who have nothing... their lives are one long suffering. Mine was such a life. Still more so for the eldest of eight children, who must support the family. So at fifteen I left home for the back streets. It was agony, but I was trying to feed a family at that age... and yet it was nowhere near enough for even one meal each. Every time one of my younger brothers and sisters died... I wanted to deny it. To say they had not died... oh... forgive me. Showing you all this when we have only just met...
슬퍼하지 마세요. 아그네. 가족들은.. 좋은 곳에 있을 겁니다. 그런데.. 이곳에는 어떻게 오시게 되었나요?	Do not grieve, Agnes. Your family will be in a good place. But... how did you come to be here?
별로 이야기 하고 싶지는 않지만... 당신에게서 웬지 친근함이 느껴지네요. ^^; 이곳에는 블라드님을 따라오게 되었습니다. 가족들이 다 떠나고... 하나남은 남동생 마저 죽고 저는 미쳐갔습니다. 마지막 남은 가족이었는데... 제게.. 그런일이 일어났다는 것에 대해서.. 정말 믿기지 않았죠. 그래서.. 미쳐서... 거의 실신상태에 쓰려져 있는 저를 데려가주신 분이 블라드님이었습니다. 그래서... 은인이신 그분에게 영원함을 약속받고... 저의 생명을 맡기게 되었습니다.	I would rather not speak of it... but somehow you feel familiar to me. I came here following Lord Vlad. My family had all gone, and when even my last remaining brother died, I lost my mind. He was the last of my family... I truly could not believe such a thing had happened to me. So I went mad... and lay there half-senseless, and the one who took me in was Lord Vlad. So I was promised eternity by my saviour, and placed my life in his hands.
그런 사연이 있었군요. 인간이었을때... 어떻게 지내셨나요?	So that is your story. And when you were human... how did you live?
신선한 피를 달라고 온 몸에서 신호를 보내는 군요. 하하 그럼.. 안녕히계세요.	My whole body is signalling for fresh blood. Ha ha. Farewell, then.
상대방의 영혼을 빼는 흑마법을 배웠습니다. 처음에는.. 정말.. 무서웠습니다. 마법이 그렇게 위력이 있는 것일줄은.. 꿈에도 생각 못했었으니까요. 자주 사용하지는 않지만.. 상대방이 나쁜의도로.. 다가오면 사용합니다. 이것으로 카임님께는... 정말.. 고맙게 생각하고 있습니다. 그분 아니었다면.. 저는 이런 험한 곳에서 살아갈 수도 없었을겁니다. 카임님께 마법을 배우게 된다면... 좋은 말씀 많이 해주실겁니다. 저도.. 그분에게 영향을 많이 받았으니까요.	I learned the black magic that draws out an opponent's soul. At first... it truly frightened me. I had never dreamed magic could hold such power. I do not use it often... but I use it when someone comes at me with ill intent. For this I am genuinely grateful to Lord Caim. Without him I could not have survived in a place as harsh as this. If you learn magic from Lord Caim, he will have a great deal of good counsel for you. He influenced me greatly too.
아~ 제가 당신의 소중한 시간을 빼앗은 것 같군요. 이야기 잘 들었습니다.	Ah, I seem to have taken up your precious time. Thank you for telling me.
영원한 생명을 위해... 오늘도... 수고하세요~	For eternal life... keep up the good work today too.
가보겠습니다. 이만...	I will be going. Until next time...
원하시는 물건이 없다면.. 말씀해주세요. 제가.. 빠른 시일 내에.. 구해드리겠습니다.	If nothing here is what you want, tell me. I will get it for you soon.
마법을 배우시려면.. 카임님께.. 가보세요. 강한 마법들을.. 배우실 수 있을겁니다.	To learn magic... go and see Lord Caim. You can learn powerful magic from him.
저는... 블라드님의 은혜를 입었답니다. 그분을 위해서라면.. 제 목숨도 바칠수 있습니다.	I owe Lord Vlad a great debt. For him I would give my life.
아름다운 의상들은... 당신에게.. 더욱 더 기쁨을 줄 수 있지요. 제게는 다른 곳보다 더 나은 물건들이 있답니다.	Beautiful garments bring you all the more joy. I have better things here than you will find elsewhere.
지금의 당신이 강하다고 생각하시더라도, 무기와 비드를 사용하신다면 더욱 강력한 힘을 발휘하실 수 있을 거니다.	However strong you think you are now, using weapons and beads will let you bring far greater power to bear.
특별한 악세서리를 원하신다면 프리야에게 가 보세요. 그녀에게 당신이 원하시는 물건이 있을 겁니다	If you want a special accessory, go and see Priya. She will have what you are after.
꼭 무사히 훈련하고 돌아오길 바라네. 그리고 성직자 길드 2층에 카인에게 가서 뱀파이어에 대한 자료를 얻도록! 자네가 상대할 놈들에 대한 정보는 기본적으로 알고 있어야하니까... 말이야. 건투를 빌겠다. 제군.	Come back from the training safely. And go to Cain on the second floor of the priest guild for material on the vampires. You need to know the basics about what you are facing... good luck to you, recruit.
내 귓가를 시끄럽게 하는 놈이 누구냐! 네 낮짝을 드러내거라~	Who is it that troubles my ears! Show me your face.
미천한.. 저~ 마스터님께 문안드리러 왔습니다.	This lowly one... has come to pay his respects to the master.
죄송합니다. 마스터님의 심기를 편찮게 않도록 조용히 물러가겠습니다.	Forgive me. I will withdraw quietly so as not to disturb the master.
네놈은 누구냐? 문앞에 있는 놈들을 상대했다면.. 꽤 실력이 있는 것 같구나. 어떠냐.. 내 밑으로 들어오겠느냐?	Who are you? To have dealt with those at the door... you seem to have some skill. Well then... will you serve under me?
바깥에 있는 놈들 몇과 상대해 보고 싶습니다. 그때 저를 평해 주십시오. 마스터.	I should like to face a few of those outside. Judge me then, master.
감사합니다. 마스터. 마스터를 위해 가서.. 인간의 목을 가지고 오겠습니다.	Thank you, master. I will go and bring back human heads for you.
마스터 저는 그저 마스터의 충직한 부하라고 자칭하는 두 분들의 부름으로 온 것입니다.	Master, I came only at the summons of two who call themselves your faithful servants.
말씀만으로도.. 감사합니다. 하지만 저는 누구의 밑에도 들어가지 않습니다. 죄송합니다.	I am grateful for the offer. But I serve under nobody. My apologies.
그래! 적어도 나의 부하가 되겠다는 마음만은 가상한 것 같구나~ 너의 마음을 받아들이겠다. 그래! 이제 너는 나의 부하가 되었다. 가서 바토리년의 목을 가지고 오너라.	Good! At least the will to be my servant is commendable. I accept your heart. So! You are my servant now. Go and bring me that Bathory woman's head.
알겠습니다. 지금... 바토리의 목을 가지고 오겠습니다. 마스터.	Understood. I will go and bring Bathory's head now, master.
많은 인간들의 목을 따와서... 내 식탁에서 잘 보이는 곳에 꽂아놓거라. 신선한 피를 가진 인간들의 머리를 봐야 내 입맛이 돌아올 것 같구나... 큭큭큭...	Take a great many human heads and mount them where I can see them from my table. The sight of heads full of fresh blood should bring my appetite back... heh heh heh...
알겠습니다. 마스터! 가보겠습니다.	Understood, master! I will be off.
그놈들은.. 내가.. 어떻게 될까봐 덜덜 떠는 녀석들이다. 간혹 내게 안 좋은 일이 생긴다면... 그놈들은.. 나를 버리고 떠나갈 놈들이지. 그런 놈들은.. 믿을만 하지 못해! 그놈들을.. 제거하라! 내가 너에게 내리는 첫번째 명령이다.	Those two tremble at the thought of what may become of me. Should anything go badly for me... they are the sort who would abandon me and leave. Such creatures are not to be trusted! Destroy them! That is my first order to you.
알겠습니다. 마스터의 심기를 건드리는 녀석들을.. 없애겠습니다.	Understood. I will get rid of those who trouble the master.
그래? 네놈의 그런 점이 마음에 들었다. 나는 내가 가지고 싶어하는 것은 무엇이든지 손에 넣는다. 하지만... 네 놈이 계속 그렇게 나온다면.. 죽이는 수밖에 없겠지.	Oh? That is what I liked about you. Whatever I want, I take. But... if you keep this up... I shall have no choice but to kill you.
조용히 물러가겠습니다. 마스터. 한번 봐주십시오.	I will withdraw quietly, master. Overlook it this once.
다치기 싫으면... 네놈의 그 더러운 입을 그만 놀리는 것이 좋을 것이다. 어서 썩 꺼져라!	If you do not want to be hurt... you had best stop working that filthy mouth. Get out!
가보겠습니다. 마스터.	I will be off, master.
나의 말에 거역하는 놈들은 전신의 피가 빨리며... 목이 날라갈 것이다.	Whoever defies my word will be drained of every drop of blood... and lose his head.
바토리의 목을 가지고 오는 자에게 포상을 내리리라~	Whoever brings me Bathory's head shall have my reward.
그때... 없앴어야 하는 것을... 너무 얕봤어.	I should have destroyed her then... I underestimated her badly.
아마도.. 바토리는 지금... 피의 성서를 찾고 있을 것이다. 우리가 먼저 그것을 손에 넣어야 한다.	Bathory is probably searching for the Blood Bible right now. We must get our hands on it first.
내게 대적하는 놈들은.. 모두 죽임을 당할것이다. 바토리의 목숨도 이제 얼마 남지 않았다.	All who stand against me will be killed. Bathory has little time left either.
어서오십시오. 각 클랜의 마스터들도 탐내는 최상의 물건들이 이곳에 있답니다. 어디보자~ 여기 당신에게 딱 맞는 의상이 있군요~ 한번 보시겠습니까?	Welcome. Here you will find the finest goods, the sort the masters of every clan covet. Let us see... here is an outfit that suits you exactly. Would you care to look?
물건을 먼저 보겠습니다.	I will see the goods first.
제가 잡은 몬스터의 머리를 팔겠습니다.	I will sell the monster heads I have taken.
다음에 들르지요. 많이 파십시오.	I will call by another time. Good trading to you.
흠.. 제군도 아마 들어본 적이 있겠지만.. 우리 E.V.E는 유럽연합과 교황청의 지원을 받는 대뱀파이어 처리부대라네. 외부인들은 유럽연합 직속의 대테러부대라고 알고 있겠지만.. 물론 우리 부대가 생겨난 것은 아직 채 1년도 되지 않았지. 사실 유럽 각국은 나름대로의 뱀파이어 처치를 담당하는 특수부대를 운용하고 있는데, 작년에 일어났던 "피의 월요일"사건을 계기로 대통합을 단행하게 되었고, 그로 인해 우리 부대가 탄생하게 되었지. 좀더 자세한 사항은 아마 에슬라니안시에 투입되어 있는 TEAM TWO 의 스미스가 말해줄걸세. 다른 질문?	Hm... you will have heard of it, no doubt... our E.V.E. is an anti-vampire unit backed by the European Union and the Holy See. Outsiders take us for a counter-terrorist force under EU command. The unit itself is not yet a year old, of course. In fact each European state ran its own special unit for dealing with vampires, and last year's "Bloody Monday" gave the impetus for a full merger, out of which our unit was born. For more detail, Smith of TEAM TWO, deployed in Eslanian City, can tell you. Any other questions?
죄송합니다만, 당신은 누구십니까?	Forgive me, but who are you?
브리핑을 시작해 주십시요.	Begin the briefing, please.
능력치 문제 때문이라~ 자네 능력치가 치우쳤다고 생각된다면.. STR, DEX, INT의 세가지 중 필요없다고 생각하는 능력치를 내게 말해주게! 그럼 자네의 그 능력치를 낮추어서, 사용하기 이전의 보너스 포인트로 전환해 주겠네. 단, %(RedistGold) 겔드를 내게 지불해야하네~ 어때 하겠는가? (능력치 1당, 보너스 포인트 1로 전환됨)	A matter of stats, is it? If you think your stats are unbalanced... tell me which of STR, DEX and INT you consider surplus. Then I will lower that stat and convert it back into the bonus point it was before you spent it. It will cost you %(RedistGold) geld, mind. Well? Shall we? (1 stat point converts to 1 bonus point.)
STR 의 능력치 1을 보너스 포인트로 전환하겠습니다.	I will convert 1 point of STR into a bonus point.
DEX 의 능력치 1을 보너스 포인트로 전환하겠습니다.	I will convert 1 point of DEX into a bonus point.
INT 의 능력치 1을 보너스 포인트로 전환하겠습니다.	I will convert 1 point of INT into a bonus point.
돈이 없어서 안되겠습니다. 다음에 하지요.	I cannot afford it. Another time.
마스터 레어에 대한 정보를 알고 싶습니다.	I would like information about the master lairs.
부활위치지정	Set resurrection point
반갑다. 제군. 일단 상황이 매우 급박한 관계로 간단하게 설명하겠으니 주의깊게 잘 듣도록. 내 이름은 카이저 하인리히, E.V.E의 제 2 용병부대의 부대장이며 이번 작전의 총책임자이다. 자네가 투입될 이번 작전은 아마도 그들과의 최종적인, 아주 치열한 전쟁이 될 것이다. 그러면, 우선 간단하게 브리핑을 시작하도록 하겠다.	Well met, recruit. The situation is urgent, so I will keep this brief. Listen carefully. My name is Kaiser Heinrich, commander of E.V.E.'s Second Mercenary Corps and in overall charge of this operation. The operation you are joining will most likely be the final and a very fierce war against them. Now, I will begin with a short briefing.
죄송합니다만 질문을 해도 되겠습니까?	Forgive me, but may I ask a question?
예. 브리핑을 시작해 주십시요.	Yes. Begin the briefing, please.
검 기술을 배우려고 왔습니다. 부대장님!	I came to learn sword skills, Commander!
도 기술을 배우려고 왔습니다. 부대장님!	I came to learn blade skills, Commander!
결계의 봉인 퀘스트 임무를 맡고 싶습니다.	I would like to take on the Sealing of the Barrier quest.
결계의 봉인 퀘스트에 대한 보상을 받고 싶습니다.	I would like the reward for the Sealing of the Barrier quest.
결계의 봉인 퀘스트 임무를 포기하고 싶습니다.	I would like to abandon the Sealing of the Barrier quest.
상황에 대해서는 이미 전해들었습니다. 안녕히 계십시요.	I have already been told the situation. Farewell.
흠… 아직 제군에게 알려줄만한 자세한 내용 같은 것은 없다. 다만 '아우스터즈'라는 또 다른 괴물이 그저 전설 속에서나 회자되던 이야기만은 아닐 가능성이 높다는 것이지. 그리고 이들이 우리에게 위협이될 만한 소지가 있다는 사실도 염두해두어야 한다. 그들에 대한 세세한 정보는 제군들이 얼마나 열심히 이번 작전 임무를 수행하는가에 달려있다고 본다.	Hm... there is nothing detailed enough to pass on to you yet. Only that there is a strong chance the other monsters, the "Ousters", are more than a tale told in legend. And you must bear in mind that they may pose a threat to us. Detailed information about them depends, I think, on how diligently you carry out this operation.
예, 알겠습니다.	Yes, understood.
전설에 의하면 아우스터즈는 뱀파이어에게 물렸던 희생자들이라고 한다. 그들이 뱀파이어로 변하기전에 당시 유명한 무녀였던 카리사스의 도움을 받아 피에 마음을 빼앗기지 않으려고 했던 것이지. 하지만 그들을 인간이라고 부를 수는 없다. 영원히 생명을 누리면서 피를 마실 필요도 없고 태양의 영향도 받지않는다는군. 개인적으로는 이상적인 존재라고 생각되기도 한다. 다만 어째서 그러한 이들이 갑자기 대량으로 생겨났던 것인가에 대해서는 의문으로 남아 있지.	Legend says the Ousters were victims of vampire bites. Before they could turn into vampires they sought the help of Carissas, a famous shaman of the time, and tried to keep their minds from being taken by the blood. But they cannot be called human. They live forever, have no need to drink blood, and are unaffected by the sun. Personally I find them rather ideal beings. What remains a mystery is why so many of them appeared all at once.
감사합니다. 흥미로운 이야기였습니다.	Thank you. That was a fascinating account.
나는 더 이상 제군을 도와줄만한 정보는 가지고 있지 못하네. 성직자 길드 3층에 있는 한니발을 찾아가도록… 그라면 제군을 도와줄 수 있을걸세. 그럼 무운을 비네.	I have no more information that would help you. Go and find Hannibal on the third floor of the priest guild... he can help you. Good fortune go with you.
유감스러운 일이지만 제군이 아우스터즈와 관련된 이번 작전을 제대로 수행할 수 있을지는 매우 의심스럽게 여겨진다. 제군도 이번 작전의 중대성을 올바로 인식하고 있다면 이해해주리라 믿는다. 그럼 작전 수행 테스트에 응해보겠는가?	I regret to say I have grave doubts about whether you can carry out this Ousters operation properly. If you recognise the gravity of it yourself, I trust you will understand. So, will you take the operation aptitude test?
물론입니다. 자신있습니다.	Of course. I am confident.
이제는 제군을 믿고 정식임무를 맏기기로 하겠다. 선발대의 보고에 의하면 뱀파이어는 아닌 것 같았으나 인간이라고 보기에도 기이한 무언가를 발견했다는 주민이 둘이나 있다고 한다. 선발대도 그들을 보았다는 사람이 있다는 정보만 얻었을뿐 아직 직접적인 접촉은 하지 못하였다. 제군은 지금 목격자를 찾아 정보를 얻어와야 한다. 이 임무를 수행할 수 있겠는가?	Now I will trust you and assign you the formal task. According to the advance party's report, two residents claim to have seen something that did not appear to be a vampire yet was too strange to be called human. The advance party only learned that such witnesses exist; they have made no direct contact. You are to find the witnesses and bring back what they know. Can you carry out this task?
물론입니다. 맡겨만 주십시오.	Of course. Leave it to me.
다음 임무는 한니발을 통해 전해질걸세. 성직자 길드 3층으로 가면 그를 만날 수 있지. 무운을 비네.	The next task will come through Hannibal. Go to the third floor of the priest guild and you will find him. Good fortune go with you.
나는 더 이상 자네에게 줄 임무가 없네. 성직자 길드 3층의 한니발이 임무를 주는 것으로 알고 있는데, 아니었던가?	I have no further tasks for you. I understood Hannibal on the third floor of the priest guild was giving out the tasks. Was I wrong?
실례했습니다. 착오가 있었던 것 같습니다.	Excuse me. There seems to have been a mistake.
기대 이상으로 잘 해주었다, 제군. 하지만 테스트를 통과했다고 해서 작전을 꼭 수행할 필요까지는 없다. 테스트에 응한 것만으로도 EVE측의 보상은 충분히 받을 수 있지. 정식 임무의 수행은 어디까지나 자네의 선택에 달려있다. 그럼 보상을 받겠나, 아니면 정식 임무를 수행토록 하겠나? 현명한 판단을 내리리라 믿는다.	You did better than expected, recruit. But passing the test does not oblige you to carry out the operation. Sitting the test alone earns you a full reward from E.V.E. Taking on the formal task is entirely your choice. So, will you take the reward, or carry out the formal task? I trust you will judge wisely.
저는 계속해서 임무를 수행하고 싶습니다.	I would like to carry on with the task.
정식 임무는 벅차게 느껴집니다. 보상을 받았으면 합니다.	The formal task feels too much for me. I would like the reward.
제군이 가져온 정보는 매우 중요한 것이었다. 나는 제군이 정말 자랑스럽다. 그럼 다음 임무도 잘 수행해 낼 수 있겠지? 이번에도 마찬가지로 작전을 꼭 수행할 필요까지는 없다. 이번 임무를 해낸 것만으로도 EVE측의 보상은 충분히 받을 수 있지. 다음 임무는 보다 더 위험하고 어려울 것이다. 이에 대한 수행은 어디까지나 자네의 선택에 달려있다. 그럼 보상을 받겠나, 아니면 다음 임무를 수행토록 하겠나? 나는 제군의 용기를 믿는다.	The information you brought was extremely important. I am truly proud of you. So, can you carry out the next task as well? As before, you are not obliged to take it on. Completing this task alone earns you a full reward from E.V.E. The next task will be more dangerous and more difficult. Taking it on is entirely your choice. So, will you take the reward, or carry out the next task? I trust your courage.
어떠한 임무라도 맡겨만 주십시오.	Assign me any task at all.
솔직히 이번 임무도 너무 버거웠습니다. 보상을 받았으면 합니다.	Frankly, this task was almost too much for me as well. I would like the reward.
자네가 맡은 임무는 내가 내린 것이 아니지 않은가? 다시 확인을 해보도록.	The task you took on was not one I gave you, was it? Go and check again.
실례했습니다.	Excuse me.
무슨 임무를 완수한 것이 있어야 보상을 바랄 것이 아닌가…	You would need to have completed some task before you could expect a reward...
아, 대단히 실례했습니다.	Ah, I do beg your pardon.
이 정도의 임무조차 완수하지 못하고 되돌아오다니…. 제군은 날 무척 실망스럽게 하는군. 정말로 포기하려는 건가?	To come back without completing even a task like this... you disappoint me greatly, recruit. Do you really mean to give up?
실망시켜드려서 죄송하지만 이 임무는 제게 너무 벅찹니다.	I am sorry to disappoint you, but this task is too much for me.
아닙니다. 단지 중간보고를 드리러 찾아왔을 뿐입니다.	No. I only came to give an interim report.
내가 제군에게 임무를 맡겼던가? 내 정신이 이상해진 건가 아니면 제군이 무얼 잘 못 알고 있는 건가?	Did I assign you a task? Have I lost my mind, or have you got something wrong?
그렇습니까? 뭔가 착오가 있었나봅니다.	Is that so? There seems to have been some mistake.
무슨 소리를 하고 있는 건가, 자네는 이미 훌륭하게 임무를 완수하지 않았나. 난 조크를 좋아하지 않는다. 어서 보상이나 받도록 하게.	What are you talking about? You have already completed the task splendidly. I do not care for jokes. Go and take your reward.
앗, 실례를 하고 말았습니다.	Ah, my apologies.
제군은 이미 수행중인 퀘스트가 있지않은가…. 무슨 문제라도 있는건가?	You already have a quest in progress... is there some problem?
아닙니다. 실례했습니다.	No. Excuse me.
임무를 무사히 수행한 것 같군. 그렇다면 보상 문제부터 확실히 한 후에 다음 임무를 맡는 것이 어떻겠나?	It seems you carried out the task safely. In that case, why not settle the reward before taking on the next one?
그렇군요. 미처 생각하지 못했습니다.	So it is. I had not thought of that.
유감스러운 일이지만 제군이 이번 작전을 제대로 수행할 수 있을지는 매우 의심스럽게 여겨진다. 이는 지혜로운 자만이 올바른 수행을 이룰 수 있을 것이라는 상부의 판단 때문이다. 제군도 이번 작전의 중대성을 정확히 인식하고 있다면 이해해주리라 믿는다. 그럼 작전 수행 테스트에 응해보겠는가?	I regret to say I have grave doubts about whether you can carry out this operation properly. That is because command judges only the wise can see it through. If you recognise the gravity of it yourself, I trust you will understand. So, will you take the operation aptitude test?
생각해볼 시간을 주십시오.	Give me time to think it over.
길게 설명할 시간이 없다. 우리는 마력을 감지할 수 있는 펜듀럼이 급히 필요하며 이를 사용하기 위해서는 특수한 광물로 만든 다우징이 있어야한다. 이 광물 10개를 찾아올 수 있겠나?	There is no time for a long explanation. We urgently need a pendulum that can sense magical force, and to use it we must have a dowsing rod made of a particular mineral. Can you find ten pieces of this mineral?
장비를 점검한 후에 다시 돌아오겠습니다.	I will come back once I have checked my equipment.
그럼 %(QuestZone)에서 %(Target) 8개를 찾아오도록 하게.	Then go to %(QuestZone) and find 8 %(Target).
제군들의 수고로 광물조각은 충분히 마련할 수 있었다. 하지만 이를 정제하기 위해서는 리피니움이라는 물질이 필요하며 이는 에슬라니아 남서쪽의 어떤 탄광에서만 구할 수 있다고 한다. 이곳은 보이지 않는 벽과 트랩으로 침입자를 막고 있다고 하니 각별한 주의가 필요하다. 어떤가 해낼 수 있겠나?	Thanks to your efforts we have mineral fragments enough. But refining them requires a substance called refinium, which is said to be obtainable only from a certain mine in south-western Eslania. The place is guarded against intruders by invisible walls and traps, so particular care is needed. Well? Can you do it?
펜듀럼과 다우징을 이용하여 조사한 결과 아우스터즈의 결계를 부술 열쇠가담긴 마도서는 행방을 알아낼 점토인형의 위치를 알 수 있게 되었다. 이 점토인형은 조각난 채 에슬라니아 각 지역에 널리 퍼져 있다고 한다. 조각난 점토인형을 모두 모아 맞춰올 수 있겠나?	Our survey with the pendulum and the dowsing rod has located the clay figure that will reveal where the grimoire holding the key to breaking the Ousters' barrier lies. The clay figure is said to be broken into pieces scattered across the regions of Eslania. Can you gather every fragment and put it back together?
%(QuestZone)에서 조각난 점토인형을 모두 모아 맞춰오게나	Gather every fragment of the clay figure at %(QuestZone) and put it back together.
다행히도 마도서를 찾는 데는 성공했다. 하지만 이를 해석하기 위해서 5종의 마석을 찾아 코드표를 조합하여야 한다. 올바른 코드표를 완성하려면 마석에 새겨진 스펠을 조합하여야 하며, 상하좌우로 인근한 마석의 스펠을 피해 조합하기만 하면 된다고 한다. 코드표를 잘 살펴보면 직관적으로 알 수 있을 테니 시간관계상 긴말은 하지 않겠다. 끝까지 최선을 다할 수 있겠나? 그렇다면 코드표를 받도록 하게.	Fortunately we succeeded in finding the grimoire. But to read it we must find five kinds of magic stone and assemble a code table. To complete the table correctly you must combine the spells inscribed on the stones, avoiding the spells of the stones adjacent above, below, left and right. Study the table and it should be plain enough, so given the time I will say no more. Can you see it through to the end? Then take the code table.
오…, 이것이 그 광물 조각인가? 정말 수고 많았다. 그럼 다음 임무도 잘 수행해 낼 수 있겠지? 이번에도 마찬가지로 작전을 꼭 수행할 필요까지는 없다. 이번 임무를 해낸 것만으로도 EVE측의 보상은 충분히 받을 수 있지. 다음 임무는 보다 더 위험하고 어려울 것이다. 이에 대한 수행은 어디까지나 자네의 선택에 달려있다. 그럼 보상을 받겠나, 아니면 다음 임무를 수행토록 하겠나? 나는 제군의 용기를 믿는다.	Oh... is this the mineral fragment? Well done indeed. So, can you carry out the next task as well? As before, you are not obliged to take it on. Completing this task alone earns you a full reward from E.V.E. The next task will be more dangerous and more difficult. Taking it on is entirely your choice. So, will you take the reward, or carry out the next task? I trust your courage.
수고했다. 나는 제군이 정말 자랑스럽다. 그럼 다음 임무도 잘 수행해 낼 수 있겠지? 이번에도 마찬가지로 작전을 꼭 수행할 필요까지는 없다. 이번 임무를 해낸 것만으로도 EVE측의 보상은 충분히 받을 수 있지. 다음 임무는 보다 더 위험하고 어려울 것이다. 이에 대한 수행은 어디까지나 자네의 선택에 달려있다. 그럼 보상을 받겠나, 아니면 다음 임무를 수행토록 하겠나? 나는 제군의 용기를 믿는다.	Well done. I am truly proud of you. So, can you carry out the next task as well? As before, you are not obliged to take it on. Completing this task alone earns you a full reward from E.V.E. The next task will be more dangerous and more difficult. Taking it on is entirely your choice. So, will you take the reward, or carry out the next task? I trust your courage.
벌써 코드표를 완성했단 말인가? 놀랍군. 제군의 업적에 대한 보상은 섭섭치 않게 내려질 것이라 장담하네. 이로써 우리는 아우스터즈의 결계를 부수고 들어갈 모든 준비가 이루어졌네. 자네는 영웅이라고 불리워진다해도 결코 과언이 아닐꺼야.	You have completed the code table already? Remarkable. I promise the reward for your achievement will not be ungenerous. With this we have everything we need to break the Ousters' barrier and go in. It would be no exaggeration at all to call you a hero.
과찬의 말씀입니다.	You are too kind.
무슨 소리지? 혹시 다음 임무를 포기하겠다는 건가?	What is this? Do you mean to abandon the next task?
임무고 뭐고 모두 잊고 싶습니다. 이전 퀘스트에 대한 보상을 받고 싶습니다.	I want to forget the whole business of tasks. I would like the reward for the previous quest.
아닙니다. 그냥 해본 소리일 뿐입니다.	No. I was only saying it.
임무가 조금 벅차군요. 나중에 다시 수행하겠습니다.	The task is a little too much. I will take it on again later.
정 그렇다면 할 수 없는 일이지. 하지만 말야 상사이기보다는 선배로써 충고하겠는데, 다시 한번 더 생각해보도록 하게.	If that is truly how it is, there is nothing for it. But let me advise you, not as your superior but as someone who has been at this longer: think it over once more.
저로써도 최선을 다했다고 생각합니다. 보상이나 받았으면 싶습니다.	I believe I did all I could. I would rather just take the reward.
선배님의 충고라면 다시 한번 생각해보겠습니다.	If that is your advice, I will think it over once more.
내가 제군에게 임무를 맡겼던가? 내 정신이 이상해진 건가 아니면 제군이 무얼 잘못 알고 있는 건가?	Did I assign you a task? Have I lost my mind, or have you got something wrong?
자유대결지대는 동족간의 대결을 위한 '올테니아'와 동족,타 종족에 관계없이 자유 대결을 즐길 수 있는 '바나툴'이 있다네. 선택하게나.	The free duel zone has "Oltenia", for duels within your own kind, and "Banatul", where you can duel freely regardless of kind. Take your pick.
올테니아로 가고 싶습니다.	I want to go to Oltenia.
어서오시게나~ 바토리 쪽에서는 누가 가장 위대하던가? 브리콜라카스? 내 발치에도 못따라오는 녀석에게서는 배울 게 별로 없을게야. 자네에게 책에서 배울 수 없는 것들을 가르쳐 주겠네. 그런데... 자신은 있겠지?	Welcome. Who is it they hold greatest over on Bathory's side? Vrykolakas? There is little to learn from one who cannot reach my ankles. I will teach you what no book can. But... you are confident, I trust?
당신에게 궁금한 것이 있어서 왔습니다.	I came because there is something I would like to ask you.
저에게 당신이 알고 있는 위대한 마법들을 가르쳐 주십시오.	Teach me the great magic you know.
무기와 비드를 보고 싶습니다.	I would like to see the weapons and beads.
페로나국도로 가고싶습니다.	I want to go to the Perona highway.
테스트 서버 선물을 받고 싶습니다.	I would like to receive the test server gift.
더 연습한 후에 다시 오도록 하겠습니다. 그때는 당신의 제자로 받아주십시오.	I will come again once I have practised more. Take me as your disciple then.
역시 자네는 블러드님의 충실한 부하일세. 가서 그 간교한 바토리년의 목을 잘라오게나. 아! 중요한 사항을 깜박했군. 자네 마스터들의 상징인 목걸이에 대하여 알고 있는가? 종족의 대표자들이라 할 수 있는 마스터들은 자신들의 마력을 제어할 수도 증폭할 수도 있는 펜던트와 비쥬로 만들어진 목걸이를 갖고 있지.	You are Lord Vlad's faithful servant after all. Go and cut off that cunning Bathory woman's head. Ah! I nearly forgot something important. Do you know of the necklaces that are the masters' emblems? The masters, the representatives of their kind, each carry a necklace of pendant and bijou that can both control and amplify their magical power.
더 자세한 이야기를 들려주십시오.	Tell me more.
알겠습니다. 이만 가 보겠습니다	Understood. I will be on my way.
우리의 블라드님에 대항하는 바토리와 질드레라는 자들이 있지. 그들 역시 영원 불멸의 힘을 얻기 위해서 호시탐탐 피의성서를 노리고 있는 간교하기 짝이 없는 뱀파이어 마스터들 중에 하나이지. 아! 중요한 사항을 깜박했군. 자네 마스터들의 상징인 목걸이에 대해서 알고 있는가? 종족의 대표자들이라 할 수 있는 마스터들은 자신들의 마력을 제어할 수도 증폭할 수도 있는 펜던트와 비쥬로 만들어진 목걸이를 갖고 있지.	There are two who stand against our Lord Vlad: Bathory and Gilles de Rais. They too are vampire masters, cunning beyond measure, watching for their chance at the Blood Bible and the power of eternal life. Ah! I nearly forgot something important. Do you know of the necklaces that are the masters' emblems? The masters, the representatives of their kind, each carry a necklace of pendant and bijou that can both control and amplify their magical power.
팬던트와 비쥬는 모두 보석의 일종이라네. 상당한 마력을 갖고 있지. 모두 대단한 힘을 갖고 있지만, 팬던트는 목걸이의 핵심이라고 할 수 있다네. 마력 제어의 가장 중추적인 역할을 하고 있기에. 이것을 잃은 마스터는 자신의 힘을 제어하지 못하고 자멸하게 된다네. 그 계집을 잡으려면 단순히 죽이기만 해서는 안돼. 꼭 그 목걸이도 함께 빼앗아야 와야 하지.	The pendant and the bijou are both a kind of jewel. They hold considerable magical force. Both are powerful, but the pendant is the heart of the necklace, since it plays the central role in controlling that force. A master who loses it can no longer control their power and destroys themselves. To take that woman you must not simply kill her. You must take the necklace along with her.
그 목걸이의 값어치를 알고 싶습니다.	I would like to know what that necklace is worth.
그렇군요. 잘 알겠습니다.	I see. Understood.
물질적인 것으로 계산한다고 해도 상당한 값을 하지만, 우리에게 있어서는 그 이상의 값이 아니겠나? 그 계집의 목숨이나 다름없으니 말일세. 하하. 자네에게 그 목걸이의 팬던트나 비쥬가 있다면, 내 어떠한 물건들보다도 훌륭한 것들과 바꾸어 주겠네. 알고 있겠지만, 펜던트가 비쥬보다 더 귀한 것이라 할 수 있다네. 펜던트와 비쥬의 차이는 있겠지만, 바꿀 생각이 있는가?	Reckoned in material terms it is worth a great deal, but to us it is worth far more than that, is it not? It is as good as that woman's life. Ha ha. If you have the pendant or the bijou from that necklace, I will trade you something finer than anything else I hold. As you will know, the pendant is the rarer of the two. The difference between pendant and bijou aside, are you minded to trade?
예, 바토리의 펜던트를 바꾸겠습니다.	Yes, I will trade Bathory's pendant.
예, 바토리의 비쥬를 바꾸겠습니다.	Yes, I will trade Bathory's bijou.
예, 질드레의 펜던트를 바꾸겠습니다.	Yes, I will trade Gilles de Rais' pendant.
예, 질드레의 비쥬를 바꾸겠습니다.	Yes, I will trade Gilles de Rais' bijou.
아니요.죄송하지만 바꾸고 싶지 않군요. 이만 가 보겠습니다.	No. Forgive me, but I would rather not trade. I will be on my way.
오늘도... 위대한 블라드 님을 위해서.. 자네가.. 힘써 주게나... 헛헛~	Today too... put your strength to work for the great Lord Vlad... heh heh.
알겠습니다. 수고하십시오.	Understood. Keep up the good work.
조금만 빨리... 손을 썼었다면.. 바토리를 없앨 수 있었는데.. 말야.	If we had moved a little sooner... we could have finished Bathory off.
아이만을 조심하게. 언제.. 뒤를 칠 지 모르는 녀석이거든.	Be careful of Aiman. There is no telling when he may strike from behind.
위대한 블라드님을 위해서... 오늘도.. 많은 인간들을.. 우리 동족으로 만들어야 하네.	For the great Lord Vlad... today too we must turn a great many humans into our kind.
붉은 피가 아름답지 않나? 피로써 모든것이 맑아질 수 있어.	Is red blood not beautiful? Everything can be made pure by blood.
바토리놈들을 없애야하네. 그놈들의 씨를 말려야 해!	Bathory's lot must be destroyed. Their line must be wiped out!
지금의 자신이 강하다고 생각하더라도, 무기와 비드를 사용한다면 더욱 강력한 힘을 발휘하실 수 있을 거라네.	However strong you think you are now, using weapons and beads will let you bring far greater power to bear.
어려서부터 나는 랍비가 되려고 성경구절을 열심히 공부하고 스승님께서 가르쳐주시는 것들을 외우고 또 외웠지. 그런데.. 하루는 피로부터의 속죄라는 구절이 내게.. 이상하게 다가오더군. 그때가.. 아마 15살때일거야. 내가 오직 아는 것이라고는 위대한 그분의 은총으로 속죄된다고 생각하고 있었을때였네. 그런데..피라는 단어에 집착하다보니... 결론이 안나는거야. 그래서.. 그때부터.. 진정한 속죄의 구원에 대해 연구하려 각지를 돌아다녔지. 어느날 만난 블라드님과의 피에 대한 이야기를 하다보니... 그분의 말씀 하나하나가.. 다 내 가슴속에 와 닿았네. 말씀이 끝나자.. 그분은 홀연히 내앞에서 사라지고 없었네. 그분을 10년 동안 찾아헤메었지. 그분앞에 나아가.. 무릎을 꿇고.. 제자로 받아달라고 간청했다네. 그분만이.. 나의 구원이었어...	From childhood I studied scripture hard to become a rabbi, memorising over and over what my teacher taught me. Then one day the phrase "atonement by blood" struck me strangely. That would have been at about fifteen. All I knew then was that we are atoned for by the grace of the Almighty. But once I fixed on that word, blood... there was no conclusion to be had. So from then on I wandered from place to place, researching what true redemption through atonement was. One day I met Lord Vlad, and as we spoke of blood... every word of his went straight to my heart. When he had finished... he vanished before my eyes. I searched for him for ten years. I came before him, knelt, and begged him to take me as his disciple. He alone was my salvation...
그러셨군요. 그런데... 랍비는 어떤 사람을 가리키는 말입니까?	I see. But... what does the word rabbi refer to?
바토리와의 전투때... 어땠는지.. 궁금합니다.	I would like to know what the battle with Bathory was like.
이만... 가보겠습니다. 말씀 잘 들었습니다.	I will be on my way. Thank you for telling me.
궁금한 것이 있다구? 대체 자네의 궁금증을 어디 한번 들어볼까?	Something you want to know? Well then, let us hear this curiosity of yours.
랍비셨다고 들었습니다. 랍비는 어떤 사람을 가리키는 말입니까?	I hear you were a rabbi. What does the word rabbi refer to?
바토리와의 전투상황을 듣고 싶습니다.	I would like to hear about the battle with Bathory.
당신은...왜... 뱀파이어가 되었고 블라드님과는 어떻게 만나셨는지요?	Why did you become a vampire, and how did you meet Lord Vlad?
앗! 제가 귀중한 시간을 방해한 것은 아닌지요.. 이만 가보겠습니다.	Ah! I hope I have not disturbed your valuable time. I will be on my way.
랍비는 나의 선생님이라는 뜻의 헤브라이어로, 라보니(rabboni)라고도 하지. 랍비가 될 사람은 구약성서와 탈무드에 대해 많은 것을 공부해야만 하지. 일반적으로 랍비는 유대교의 종교행사와 각종 의식을 주재하며, 각종 교육활동에 폭넓게 참여하지. 또한 지역사회를 위한 구제와 봉사활동에도 관여하며, 여러 형태의 공동체 사업을 지원하기도 하네. 나도.. 과거에는 말이지. 누군가에게 하느님의 말씀을 가르치며 그분의 종으로써 봉사했었던 적이 있었네. 흐음... 이제.. 랍비에 대해 잘 알았는가?	Rabbi is Hebrew for "my teacher", and is also rendered rabboni. Anyone who would be a rabbi must study the Old Testament and the Talmud deeply. A rabbi generally presides over Jewish religious observances and rites and takes a broad part in education. He is also involved in relief and service work for the community and supports various communal undertakings. I too, in the past, taught the word of God to others and served as his servant. Hmm... do you understand the rabbi well enough now?
네.... 그런데... 왜.. 뱀파이어가 되셨고. 블라드님과는 어떻게 만나셨나요?	Yes... but... why did you become a vampire, and how did you meet Lord Vlad?
카임.. 제가.. 당신의 귀중한 시간을 많이 빼앗았네요... 그럼... 안녕히계세요.	Caim... I have taken up a great deal of your valuable time. Farewell, then.
바토리와의 전투라...참... 참담했지. 우리쪽 진영에서... 그 간사한 계집 하나때문에... 많은 훌륭한 군사들을 잃었지. 그나마.. 바토리쪽에서는... 목을 칠 놈들이.. 몇몇 우리쪽으로 기어와서.. 정보를 팔더군. 지름길을 알아내서.. 빠르게 레어안으로 진입할 수 있었지. 아쉬운 것 말이야. 그때 바토리를 끝장냈어야 했어. 지금까지.. 살아서... 블라드 님을 귀찮게 하니까.. 말야. 조금만 빨랐어도...끝장낼 수 있었는데...아쉬워~	The battle with Bathory... it was grim indeed. On our side, because of that one cunning woman, we lost many fine soldiers. What helped was that a few on Bathory's side, the sort who deserve the axe, came crawling over to us and sold us information. We found a short cut and got into the lair quickly. What I regret is this: we should have finished Bathory then. Because she is still alive... and still troubling Lord Vlad. If we had been a little quicker we could have ended it... a shame.
카임... 이만 가보겠습니다. 바토리놈들을... 하나라도.. 더 제거해야 하니까요.. 그럼.. 수고하십시오.	Caim... I will be on my way. There are more of Bathory's lot to destroy. Keep up the good work.
아직도 피가 모자라는 군. 가서 피를 더 마시고 오게나. 아주 많이.... 말야.. 큭큭큭	You are still short of blood. Go and drink more. A great deal more... heh heh heh.
알겠습니다. 그럼.. 안녕히 계십시오.	Understood. Farewell, then.
어서오세요. 무엇을 도와드릴까요?	Welcome. What can I do for you?
다쳤습니다. 치료해주십시오.	I am injured. Treat me, please.
필요한 물건이 있는데, 보여주십시오.	There is something I need. Show me what you have.
가지고 있는 물건들을 좀 팔고 싶습니다. 값을 후하게 쳐 주시겠습니까?	I would like to sell some of what I am carrying. Will you give me a good price?
야전사령부로 가고 싶습니다.	I want to go to the field headquarters.
후송 위치 지정	Set evacuation point
다음에 찾아오지요. 지금은 별로 볼 일이 없네요.	I will call again another time. I have no business here just now.
조심하세요. 이곳은 언제나 위험하니까요.	Be careful. This place is always dangerous.
이곳에서 살아서 귀환할 수 있기를 기도하겠습니다.	I will pray you make it back from here alive.
전투 중에 입은 상처를 내버려 둔다면 뱀파이어가 될 가능성이 높으니 빨리 치료해야합니다.	Leave a wound from combat untreated and there is a strong chance of turning into a vampire, so get it seen to quickly.
당신들이 필요한 물건들을 구비해 놓고 있습니다. 필요한 것만 말씀해 주세요.	I keep what you need in stock. Just tell me what it is.
많은 사람들이 심하게 부상을 당했습니다. 빨리 옮겨서 치료를 해야 해요.	A great many people are badly wounded. They must be moved and treated quickly.
아시나요? 블루 드롭의 또 하나의 이름은 ‘아담의 눈물’이랍니다.	Did you know? The Blue Drop has another name: "Adam's Tears".
자유대결지대는 동족간의 대결을 위한 '올트'와 동족,타 종족에 관계없이 자유 대결을 즐길 수 있는 '바나툴'이 있습니다. 선택하여 주십시오.	The free duel zone has "Olt", for duels within your own kind, and "Banatul", where you can duel freely regardless of kind. Please choose.
감사합니다. %(UserName)님께서는 %(GuildName)의 팀원으로써 %(GuildName)의 이름으로 성금을 기부하시는군요. 지금 기부하신 금액은 팀 이름으로 홈페이지를 통하여 게시하도록 하겠습니다. 게시되는 금액은 합산금액으로 표기됩니다. %(GuildName)의 이름으로 모아주신 소중한 성금은 꼭 필요한 곳, 온정의 손길이 필요로 한곳에 유용하게 쓰여질 것입니다.	Thank you. As a member of %(GuildName), you are donating in the name of %(GuildName), %(UserName). The amount you have given will be posted on the homepage under the team's name. Posted amounts are shown as a running total. The precious donations gathered in the name of %(GuildName) will be put to good use where they are truly needed, where a kind hand is wanted.
어떻게 여기까지 왔지? 저 길을 따라 왔다면, 자네 실력이 있는 걸? 엄청난 놈들이 저 곳에 많이 깔려 있는데 말야. 그런데 나를 찾은 용건은?	How did you get all the way here? If you came along that road, you have some skill. There are terrible things spread all over it. So what brings you to me?
물건을 보관하고 싶습니다. 보관함을 하나 주시겠습니까?	I want to store some things. Would you give me a storage box?
내 물건이 잘 있는지 좀 보고 싶습니다.	I would like to see whether my things are all in order.
필요한 악세서리가 있습니다. 보여주십시오.	There is an accessory I need. Show me.
이 애물단지들이 말썽을 좀 부리는군요. 좀 고쳐주시겠습니까?	These wretched things are giving trouble. Could you repair them?
맡겨 놓은 제 오토바이를 찾고 싶군요.	I would like to collect the motorcycle I left with you.
앗, 잘못 찾아왔군요. 그럼...	Ah, I have come to the wrong place. Well then...
조심하게. 여긴 정신을 빼놓고 돌아다녀도 될 만한, 그런 만만한 곳이 아니라네!	Be careful. This is not somewhere easy enough to wander about with your mind elsewhere!
아무리 실력이 있어도 갑자기 뱀파이어의 공격을 받아 세상 하직하는 건 한 순간이지.	However skilled you are, a sudden vampire attack can take you out of this world in a moment.
자네 짐이 많아 보이는군. 내가 맡아두지, 자네는 전투에만 신경쓰게나.	You look heavily loaded. I will hold it for you; put your mind on the fighting.
타인의 목숨만큼 자네 목숨도 중요하다는 것을 잊지 말게. 항상 조심하고!	Do not forget that your life matters as much as anyone else's. Be careful, always!
수리할 것이 있으면 가지고 오게나. 내가 말끔하게 고쳐주겠네.	If you have something to repair, bring it over. I will put it right.
이곳에서 팔고 있는 악세사리들은 특별한 것이라네. 보통 다른 상점에서 보기 힘든 물건들이지.	The accessories sold here are special. They are things you rarely see in other shops.
후후, 어쩐 일로 여기까지 오시었나~	Ho ho, what brings you all the way out here?
혹시 쓸만한 물건들이 있나 해서 찾아왔습니다. 물건을 볼 수 있을까요?	I came to see whether you have anything worth having. May I see your goods?
제 물건들을 좀 처분하고 싶습니다.	I would like to get rid of some things.
림보성내부로 가고 싶습니다.	I want to go inside Limbo Castle.
라센성내부로 가고 싶습니다.	I want to go inside Rasen Castle.
지나가다 안부차 들렀습니다. 그럼...	I was passing and stopped in to say hello. Well then...
슬레이어들을 쓸어주게. 자꾸 슬레이어들의 모습을 보면 웬지 불안해져서 말야.	Sweep the slayers away for me. The sight of them keeps making me uneasy.
필요한 악세사리들이 있다면 말해주게. 내가 구해주겠네.	If there is an accessory you need, tell me. I will get it for you.
아직도 여기에 남은 인간들이 몇 있다고 하더군. 인간들 모두 종족으로 만들어주게.	I hear there are still a few humans left here. Turn them all into our kind.
그래야. 숫적으로 우세할 수 있을 거 같으니까 말야. 하하	That way we should have the advantage in numbers. Ha ha.
만약 자네에게 특별한 힘이 있다면, 블루 드롭이 자네를 더 강하게 만들어 줄걸세.	If you have a special power in you, the Blue Drop will make you stronger still.
내게 있는 물건은 더할 나위 없이 화려하고 대단한 것들이 많다네. 이 물건들 구하느랴고 정말 오랜 시간이 걸렸다네.	What I have is as splendid and as remarkable as anything you will find. It took me a very long time to gather it.
나 말고도 림보성이나 라센성에서 특별한 아이템들을 판매하는 이들이 있다네. 관심 있다면 한번 가보게나.	Besides me there are others selling special items in Limbo Castle and Rasen Castle. Go and see them if you are interested.
자유대결지대는 동족간의 대결을 위한 '올테니아'와 동족,타 종족에 관계없이 자유 대결을 즐길 수 있는 '바나툴'이 있지. 선택하게나.	The free duel zone has "Oltenia", for duels within your own kind, and "Banatul", where you can duel freely regardless of kind. Take your pick.
안녕하세요? 어떻게 여기까지 오셨나요? 슬레이어들이 나오는, 무시무시한 저 길을 조심하세요. 저들이 언제 우리를 몰살시킬지 모르니까요. 음 그런데 왜 오셨어요?	Hello. How did you get all the way here? Watch out for that dreadful road the slayers come down. There is no telling when they will wipe us all out. Hm, so what brings you?
혈청이나 씰 같은 것들을 사고 싶은데?	I want to buy some serum and seals and the like.
물건 좀 보관하려는데, 보관함 하나 내어주겠니?	I want to store something. Would you give me a storage box?
전에 내가 보관했던 물건이 잘있나 확인하려는데, 보여줘.	I want to check that the things I stored before are all right. Show me.
그리피스, 이것 좀 고쳐주겠니?	Griffith, would you repair this for me?
펫 보관함을 보고 싶은데.	I want to see my pet storage.
잘 있는지 궁금해서 지나가다 들렀어.	I was passing and stopped in to see how you were.
무거운 물건은 가지고 다니기에 거추장스럽지요. 제가 잘 맡아 놓을께요.	Heavy things are a nuisance to carry around. I will look after them for you.
여긴 맘 놓고 인간들을 상대할 수 있어 재밌죠. 후훗	It is fun here, being able to take on humans without a care. Ho ho.
고칠만한 물건이 있다면 가지고 오세요. 새 것처럼 고쳐드릴께요.	If you have something worth repairing, bring it over. I will make it like new.
좀 깨끗하게 사용해 주세요. 제가 고치지도 못할 정도로 만들어 놓으시면 안되요.	Do use them a little more carefully. You must not bring them to me beyond repairing.
제가 가장 좋아하는 색깔은 빨강색이에요. 맛있어 보이는 색깔이죠.	My favourite colour is red. Such a delicious-looking colour.
전투가 힘들어질 것 같으면, 저한테 혈청이랑 변신 아이템을 꼭 준비해서 가세요. 조금이라ㅗ 도움이 될 거예요.	If the fighting looks like getting hard, be sure to get serum and transformation items from me before you go. They will help at least a little.
머피 아저씨가 갖고 있는 물건들은 상점에서 좀처럼 보기 힘들었던 좋은 것뿐이에요. 어디서 구하신 걸까?	The things Mister Murphy has are all fine ones, the sort you rarely see in a shop. Wherever does he find them?
클랜 차원에서 모금에 참여할께	I will give on behalf of my clan.
성금을 기부할께	I will make a donation.
그럼 개인 기부를 할께.	I will give as an individual, then.
자네 데이타의 빨간 줄을 지우려고 왔나? 형식과 절차는 알겠지? 그래... 얼마나 지울텐가?	Have you come to have the red marks wiped off your record? You know the form and the procedure, I trust? So... how much do you want wiped?
별을 아이템으로 교환하고 싶습니다.	I would like to exchange stars for an item.
별을 돈으로 교환하고 싶습니다.	I would like to exchange stars for money.
팀 때문에 찾아왔습니다.	I have come about a team.
팀 때문에 찾아왔다면, 구체적으로 어떤 사항에 대한 건가?	If it is about a team, what exactly do you want?
팀을 등록하려고 왔습니다.	I have come to register a team.
대기 팀 리스트를 열람하고 싶습니다.	I would like to view the pending team list.
팀 리스트를 열람하고 싶습니다.	I would like to view the team list.
팀을 탈퇴하고 싶습니다.	I would like to leave my team.
안녕히 계십시오.	Farewell.
탈퇴하겠다고? 신중하게 생각했다면 자네의 탈퇴 신청을 받아들이겠지만 이것만은 알아두게. 팀을 탈퇴한 후 바로 다른 팀에서 받아주지 않는다네. 다른 곳에 들어가려고 해도 실시간으로 일주일이 지나야 하지. 그래도 팀을 탈퇴할텐가?	Leaving, you say? If you have thought it over carefully I will accept your withdrawal, but understand this. After leaving a team you will not be taken in by another straight away. Even to join elsewhere, a full week of real time must pass. Do you still want to leave the team?
잘 알겠습니다만 탈퇴하고 싶습니다.	Understood, but I would like to leave.
그렇다면 다시 생각해 보겠습니다.	In that case I will think it over again.
나는 E.V.E 제 2부대 TEAM TWO 의 리더 알프레드 엠마뉴엘 스미스라고 한다. 그냥 스미스라고 불러주게.	I am Alfred Emmanuel Smith, leader of TEAM TWO, E.V.E.'s Second Corps. Just call me Smith.
일단은 이 건물을 E.V.E 의 임시 기지로 사용하고 있다.	For now we are using this building as E.V.E.'s temporary base.
모든 것에 우선하는 것은, 뱀파이어들의 우두머리인 뱀파이어 마스터들을 처치하는 것이다.	Above all else comes killing the vampire masters, the leaders of the vampires.
우선 마을 안에 들어와 있는 저급 뱀파이어들부터 처치하도록.	Start with the low-grade vampires that have got inside the village.
카이저 부대장님을 만나봤는가? 그분은 잘 계시던가?	Have you met Commander Kaiser? Was he keeping well?
일단은 내가 임시 사령관직을 맡고 있으니 중요한 일이 있으면 꼭 보고하도록 하게.	I hold the post of acting commander for now, so report anything important to me.
너무 어린 나이에 빨리 높은 자리에 오른다해도 별로 좋지는 않다네.. 그만큼 막중한 책임이 따른다네...	Rising high too quickly at too young an age is not much of a blessing... the weight of responsibility comes with it...
나약해져서는 안되네. 자기자신과의 싸움에서 진다면 자네는 이곳에서 그들에게 피를 주는 꼴밖에는 되지 않을걸세.	You must not grow weak. Lose the fight with yourself and you will amount to nothing here but blood for them.
힘들고 어려울때 가족들의 얼굴을 떠올리게나. 나자신이 지켜야 할 무언가 있다면, 그것을 지키고 싶다면 열심히 싸워 이기도록 하게.	When things are hard, call up your family's faces. If there is something you must protect, and you want to protect it, then fight hard and win.
그들을 없애고 싶다면 그들에 대한 미움을 키우게나. 그래야 자네가 더 강인해 질 수 있다는 것을 명심하라구.	If you want them gone, feed your hatred of them. Bear in mind that is what will make you stronger.
자신이 군인이라는 것을 항상 잊지말도록!	Never forget that you are a soldier!
고칠게 있으면 다 내게 가져와. 내 손이 닿는 순간, 뚝딱! 새 것처럼 바뀌지... 자...어서..	Bring me anything that needs fixing. The moment my hands touch it, snap! Good as new... come on, then.
궁금한 게 있습니다.	There is something I would like to know.
클랜때문에 찾아왔습니다.	I have come about a clan.
그래. 이걸 고쳐주게.	Right. Fix this for me.
혹시 내가 흥미있을 만한 것이 있나?	Do you have anything that might interest me?
이걸 팔고 싶군. 어때?	I would like to sell this. Well?
수고하게 카콘.	Keep up the good work, Kakon.
클랜때문이라... 구체적으로 어떤 것을 원하는건가?	About a clan... what exactly is it you want?
클랜을 등록하려고 왔습니다.	I have come to register a clan.
대기 클랜 리스트를 열람하고 싶습니다.	I would like to view the pending clan list.
클랜 리스트를 열람하고 싶습니다.	I would like to view the clan list.
클랜을 탈퇴하고 싶습니다.	I would like to leave my clan.
별로 볼 일이 없는 것 같군요.	It seems I have no business here.
클랜을 탈퇴하겠다고? 신중하게 생각해 보았나? 음... 자네의 탈퇴 신청을 받아들이겠지만 이것만은 알아두게. 한번 탈퇴하면 다른 클랜에서 쉽사리 받아주질 않을걸세. 자네가 직접 서약을 깼으니... 다른 곳에 가려 해도 실시간으로 일주일이나 지나야 가능한다네.	Leaving your clan, you say? Have you thought it over carefully? Hm... I will accept your withdrawal, but understand this. Once you leave, another clan will not readily take you in. You broke the oath with your own hands... so even to go elsewhere, a full week of real time must pass.
림보성의 림보가 무슨뜻인줄 아는가? 바로 연옥이라는 뜻이지. 어때. 잘 어울리는 이름이지?	Do you know what the Limbo in Limbo Castle means? Purgatory, that is what. Well? A fitting name, is it not?
…………………	.................
뭐 고칠 게 있으면 내게 이야기하게	If you have anything to fix, come and tell me.
브리콜라카스님의 숨은 힘은 아마도 바토리님보다 강할것이야.	Lord Vrykolakas' hidden power is probably greater than Lady Bathory's.
블라드 테페스가 우리 바토리님에게 한 짓을 자네 알고 있나?	Do you know what Vlad Tepes did to our Lady Bathory?
내게서 뭐가 궁금한 게지? 어디 한번 들어보지 뭐~	What is it you want to know from me? Let us hear it, then.
인간이었을 때 당신은 어떤 일을 하셨나요?	What did you do when you were human?
바토리님과는 어떻게 만나셨는지..	How did you meet Lady Bathory?
흑마법은 어떻게 배우셨나요?	How did you learn black magic?
이만 가봐야 할 것 같네요.	I should be on my way.
내 겉모습을 보면 무엇이었는지.. 알 것 같지 않나? 나는 부족의 샤먼의 위치에 있었고, 영원한 삶을 원하던 인디언이었네. 좀.. 특이하지 않나? 원래 사후의 세계에 대해 많은 관심을 가지고 있지만 나는 그런 죽은 후의 삶에는 관심 없다네.	Look at me and you can guess what I was, can you not? I held the place of shaman to my tribe, an Indian who wanted eternal life. Rather unusual, would you say? People are usually much taken with the world after death, but I have no interest in a life that comes after dying.
음.. 바토리님은.. 내가 뱀파이어가 되도록 도와주신분일세. 그 분을 어떻게 만났느냐고? 브리콜라카스님을 따라가니.. 바토리님이 계시더군. 그분에게 내 피를 바쳤네... 그리고.. 나는 영생을 얻었지. 그 이후 내 스스로 그분의 종이 되었지.	Hm... Lady Bathory is the one who helped me become a vampire. How did I meet her? I followed Lord Vrykolakas, and there she was. I offered her my blood... and I was granted eternal life. After that I made myself her servant of my own accord.
인간이었을때 당신은 어떤 일을 하셨나요?	What did you do when you were human?
나는 살아 있을때가 중요하다고 생각하지. 그래서 내 삶을 좀 더 늘리고 싶은 마음 뿐이었다네. 그러다 흑마법에는 내가 원하는 바를 이룰 수 있을 지도 모른다는 생각이 들더군. 그래서 각지를 돌아다니면서 흑마법에 대해 연구했네. 그러다.. 브리콜라카스님을 만나게 되었지. 지금도 그 분을 만난 것을 행운이라 생각한다네... 그가 유명한 흑마법사라는 것은 아마도 마법을 공부하는 사람이라면 한번쯤은 들어봤을것이네. 그분에게 내가 원하는 것을 말씀드렸더니 '자네가 원하는 바를 얻게 된다면 다시는 태양을 보지 못하게 될 걸세. 그래도 좋은가?' 라고 물으시더군. 난 내 영혼이라도 팔 준비가 되어있다했지. 그랬더니 나를 어디론가 데려가시더군. 그리고는 이렇게 되었다네.	I believe what matters is the time you are alive. So all I wanted was to lengthen my own life a little. Then it occurred to me that black magic might let me have what I wanted. So I travelled from place to place, studying black magic. And then... I met Lord Vrykolakas. To this day I count meeting him my good fortune. Anyone who studies magic will have heard at least once that he is a famous black mage. When I told him what I wanted, he asked: "If you obtain what you want, you will never see the sun again. Are you content with that?" I said I was ready to sell my very soul. At that he took me somewhere, and this is what I became.
가서.. 살아있는 것들의 피는 모조리 마셔버리게. 하하하	Go... and drink the blood of every living thing. Ha ha ha.
안녕히 계세요	Farewell.
오늘도.. 많은 인간들을.. 블라드님의 발앞에 엎드리게 만들었느냐? 블라드님이 보시기 전에... 내가 먼저 너의 수확물들을... 보겠다. 충분한 수가 아니라면... 너는 내 손에 죽으리라!	Today too... how many humans have you brought to their knees at Lord Vlad's feet? Before Lord Vlad sees them... I will inspect your harvest first. If the number is not enough... you will die by my hand!
아이만님. 당신께 궁금한 것이 있어 이렇게 찾아왔습니다. 방해했다면.. 죄송합니다만 제 궁금증을 해결해주시겠습니까?	Lord Aiman. I have come because there is something I would like to ask you. Forgive me if I am intruding, but would you satisfy my curiosity?
혈정이나 씰 등을 구입하고 싶습니다.	I would like to buy some blood essence and seals.
아이만님. 제 물건들을... 보관하여 주시겠습니까?	Lord Aiman. Would you store my belongings for me?
물건을 고치러왔습니다. 이것을 고쳐주십시오.	I have come to have something repaired. Repair this, please.
가서 인간들을 잡아오겠습니다. 그럼...	I will go and take some humans. Well then...
클랜을 탈퇴하겠다고? 신중하게 생각해 보았다면 알겠네. 자네의 탈퇴 신청을 받아들이지. 하지만 이것만은 알아두게. 이곳을 탈퇴한다고 해도 바로 다른 클랜으로 갈 수는 없다네. 자네 손으로 서약을 깼으니, 다른 곳으로 가려고 해도 실시간으로 일주일이나 지나야 하네. 그리 쉽지는 않을게야~	Leaving your clan, you say? If you have thought it over carefully, so be it. I accept your withdrawal. But understand this. Leaving here does not mean you can go straight to another clan. You broke the oath with your own hands, so even to go elsewhere a full week of real time must pass. It will not be easy.
무엇이냐? 네가 궁금해 하는 것이.... 어떤 것이냐? 어서 말해보아라!	What is it? This thing you wish to know... what is it? Speak!
인간이었을적엔 어떤 일을 하셨나요?	What did you do when you were human?
아이만님. 어떻게 이곳으로 오게 되셨나요?	Lord Aiman. How did you come to be here?
왜 카임과 사이가 안좋은 거죠?	Why are you and Caim on such bad terms?
당신을 귀찮게 해드려서.... 죄송합니다. 아이만님. 이만 물러가보겠습니다.	Forgive me for troubling you, Lord Aiman. I will withdraw.
내가 인간이었을적이라... 얼마안되서... 기억이 생생하지. 내 모습을 보면.. 알수 있겠지. 그렇다. 나는 알지하드의 전투지휘관이었다. 많은 전쟁과 숱한 인명을 앗아간 주인공이라고 해도 과언은 아닐것이다. 그리고... 지금도... 쿡쿡... 인간들을... 죽이고 있지. 적군을 한명이라도.. 더 없애는 만큼 나의 부하들을.. 많이 잃었다. 그때 남은 동료들은... 현재까지 살아있는 자가 없다. 내손으로... 블라드님께... 그들의 피를 바쳤기 때문이지. 내 가족이라고 생각했던 그들을 블라드님께 바치고 나니.. 한결 마음을 편해지더군. 흐음~ 그리고... 지금도 더욱더 많은 인간들의 피를 그분께 바치려고 하고 있지. 쿡쿡...	My time as a human... it was not long ago, so the memory is vivid. You can tell from the look of me. Yes. I was a battle commander of the Al-Jihad. It would be no exaggeration to call me the author of many wars and countless deaths. And even now... heh heh... I am still killing humans. For every extra enemy I destroyed, I lost that many of my own men. Of the comrades left to me then, not one is alive today. Because with my own hands... I offered their blood to Lord Vlad. Once I had offered up those I thought of as family, my mind grew far easier. Hmm... and even now I mean to offer him the blood of more and more humans. Heh heh...
내가 이곳으로 오게된 연유를 알고싶은게냐? 네놈은 별걸 다 알고 싶어하는것 같군. 나는 위대하신 블라드님의 은총으로 이곳에 오게되었다. 지금으로부터 4년전, 나의 군대가 중동지역 분쟁에 휘말리게 되었을때 작전지역에서 블라드님을 처음 뵈었다. 그날... 그분의 모습에서 전투뒤의 평온함을 느낄 수 있었고 그분의 강렬한 카리스마는 나의 머리와 나의 정신을 뒤흔들었다. 그렇게 혼미해진 나의 머리속을 깨운것은 내 앞에서 죽어가던... 나의 부하들모습이었지. 그분이 나의 부하들을 흡혈하는 모습은 나에게 강렬하게 느껴졌지. 그래서 나는 그 길로... 그분을 따랐다. 그리고... 이곳까지 오게되었지.	You want to know how I came to be here? You seem to want to know all manner of things. I came here by the grace of the great Lord Vlad. Four years ago, when my army was drawn into a conflict in the Middle East, I first saw Lord Vlad in the operational zone. That day... I felt in him the calm that follows battle, and his fierce presence shook my mind and my spirit. What woke me from that daze was the sight of my own men dying in front of me. The sight of him drinking their blood struck me powerfully. So from that road onward... I followed him. And so I came here.
아이만님. 인간이었을적엔 어떤일을 하셨나요?	Lord Aiman. What did you do when you were human?
왜 카임과 사이가 안좋나요?	Why are you and Caim on such bad terms?
계속 귀찮게 해드려서.. 죄송합니다.	Forgive me for troubling you again.
카임과 사이가 안좋은 것에 대해.. 벌써.. 다들 알고 있는 것 같군. 내가 생각하기엔... 나와 그놈이 같은 분을 모시고 있기때문이 아닐까 싶어. 그놈과 대화해 봤을때 나는 알았지. 그놈이 가지고 있는 블라드님에 대한 열정이 나 못지 않다는 것을... 블라드님에게 신임을 얻기위해... 발악을 한다는 것도... 쳇! 어서빨리.. 그 놈을 없애야지! 그놈이 마법만 사용하지 않았어도... 단칼에 떨어질 놈인데... 아쉽군. 쩝~	It seems everyone already knows about the bad blood between Caim and me. To my mind... it is because he and I serve the same lord. When I spoke with him I understood. That his passion for Lord Vlad is no less than mine... and that he claws desperately for Lord Vlad's favour. Tch! I must be rid of him quickly! If he did not use magic... he would fall in a single stroke. A pity. Tsk.
그래~ 오늘도 가서... 바토리놈들을... 하나라도.. 더 없애고 오너라! 내가... 너를 지켜볼 것이다!	Good. Go out today too... and destroy at least one more of Bathory's lot! I... will be watching you!
옛! 알겠습니다. 이만.. 가보겠습니다.	Yes, sir! Understood. I will be off.
선물은 유감스럽지만, 모두에게 나누어 줄 수는 없어서 말이지.. 이번에 특별히 프리미엄 서비스로 게임을 즐겨준 플레이어들을 위하여 만든 특수한 선물이라네. 만약 자네가 받을 자격이 없다면 미안하지만, 돌아가 보게나.	I am afraid the gifts cannot be handed out to everyone. This one was made especially for the players who enjoyed the game on the premium service. If you are not entitled to one, my apologies, but you had best be on your way.
선물은 목걸이나 팔찌, 링 중의 하나이며, 옵션이 두개 붙은 레어 악세서리라네. 악세서리의 단수와 옵션의 정도는 자신의 레벨이 높을수록 좋은 아이템을 얻을 수 있다는 것을 기억해 두게나. 그리고 이 선물은 단 한번만 지급 된다네.	The gift is a necklace, a bracelet or a ring, a rare accessory carrying two options. Remember that the higher your level, the better the grade and the options you will get. And the gift is handed out once only.
예 알겠습니다. 선물을 주십시오.	Yes, understood. Give me the gift.
블라드님과 함께라면... 언제나... 어디서나... 두려울 게 없지!	With Lord Vlad... always... anywhere... there is nothing to fear!
블라드 님은 나의 은인이시다~ 함부로 그분을 욕되게 한다면... 참지 않을 것이다.	Lord Vlad is my saviour. Speak ill of him carelessly... and I will not stand for it.
우리들에게 은총을 베푸시는 블라드님을 위해... 나가서... 많은 인간들의 피를 마셔 우리편으로 만들고 오너라! (?)	For Lord Vlad, who grants us his grace... go out... drink the blood of many humans and bring them over to our side!
눈엣가시인 ... 카임을 내 언젠가... 손봐주리라~	Caim, the thorn in my eye... one day I will deal with him.
전부중에 피가 필요하게 될 것이다. 치열한 전투를 치르기 전에는 나에게 꼭 들려서 준비를 하고 가도록.	You will need blood at the front. Be sure to stop by me and prepare before you go into a hard fight.
프리야에게서 원하는 악세서리를 구하지 못했다면, 림보성이나 페로나로 가 보거라.	If you could not find the accessory you wanted from Priya, go to Limbo Castle or Perona.
자네, 뭘 알고 있는 사람이군. 그래.. 그 놈들에게 죽어간 사람들이 한둘이 아니라네. 마스터급의 뱀파이어는 자신들의 영역을 정해놓고, 틈만 나면 서로 못 잡아 먹어 안달이지. 좀 잠잠해지나 했더니, 놈들이 또 움직이기 시작했다고 하더군. 놈들은 자신의 힘을 조절하기 위하여 마력이 깃든 보석의 힘을 이용한다네. 각 마스터들은 그 보석들로 만든 목걸이를 갖고 있는데, 그걸 서로 차지하기 위해서 저렇게들 혈안이 되어 있지.	You are someone who knows a thing or two. Yes... more than a few people have died at their hands. Master-class vampires stake out their own territory and are forever at each other's throats given half a chance. Just as things seemed to quieten down, they say the creatures have started moving again. They use the power of jewels imbued with magic to control their own strength. Each master carries a necklace made of those jewels, and it is over these that they go so wild.
알겠습니다. 이만 가 보겠습니다.	Understood. I will be on my way.
목걸이는 말이지. 팬던트 부분과 비쥬들로 이루어져 있지. 각각의 보석들이 큰 마력을 갖고 있으나, 팬던트야말로 마력의 정수라고 할 수 있다네. 그 목걸이 자체로도 대단한 값어치 나가는 보석들이지만, 우리들이 뱀파이어들을 말살할 수 있는 중요한 연구자료로 쓰일 수도 있겠지. 그 놈들의 힘의 근원이 무엇인지 밝혀질지도 모르니.. 살아 생전이 직접 내 눈으로 볼 수 있다면 좋겠지만 말일세.	The necklace, you see, is made up of a pendant and bijous. Each of the jewels holds great magical force, but the pendant is the very essence of it. The necklace is worth a fortune as jewellery alone, but it could also serve as important research material for wiping the vampires out. It may reveal the source of their power... I only wish I could see it with my own eyes while I still live.
목걸이의 값어치에 대하여 더 알고 싶습니다.	I would like to know more about what the necklace is worth.
허허. 자네에게 그 목걸이가 있다면 내 아주 값진 아이템들과 바꾸어 주겠네. 물론 목걸이의 팬던트인가 비쥬인가에 따라 아이템의 가치는 달라지겠지만 말일세. 어떤가?	Ho ho. If you have such a necklace, I will trade you some very valuable items for it. The value will differ, of course, depending on whether it is the pendant or a bijou. What do you say?
제 펜던트를 아이템으로 교환하겠습니다.	I will trade my pendant for an item.
제 비쥬를 아이템으로 교환하겠습니다.	I will trade my bijou for an item.
죄송하지만, 다시 생각해 보겠습니다	Forgive me, but I will think it over.
자네는 바토리를 위하여 목숨을 걸 각오가 되어 있는가? 그렇다면 가르쳐 주지. 우리 종족의 마스터들에게는 자신을 상징해 주는 목걸이들이 있다네. 그 목걸이는 펜던트와 비쥬로 이루어져 있는데, 그것을 이루고 있는 보석을 강력한 마력을 갖고 있다네. 마스터들은 이 목걸이로 자신의 힘을 자유자제로 조절하여 사용할 수 있는 것이지.	Are you prepared to stake your life for Bathory? Then I will tell you. The masters of our kind each carry a necklace that stands as their emblem. That necklace is made up of a pendant and bijous, and the jewels that compose it hold powerful magic. With it a master can control and use their strength freely.
우리가 섬기고 있는 바토리님과 같은 뱀파이어 마스터들은 모두 열두 명이 존재한다고 하네. 그들 역시 영원불멸의 힘을 얻기 위해서 호시탐탐 피의성서를 탈취하기 위해 개략들을 꾸미고 있다고 하더군. 현재까지 밝혀진 바로는 라센성에 숨어든 테페즈와 티모르호수 남쪽에 있는 질드레라는 두 마스터들의 은신처를 파악한 상태이네. 우리 뱀파이어 일족의 마스터들에게는 자신을 상징해 주는 목걸이들이 있다네. 그 목걸이는 펜던트와 비쥬로 이루어져 있는데, 그것을 이루고 있는 보석은 강력한 마력을 갖고 있다네. 마스터들은 이 목걸이로 자신의 힘을 자유자제로 조절하여 사용 할 수 있는 것이지.	There are said to be twelve vampire masters in all, like the Lady Bathory we serve. They too are scheming for a chance to seize the Blood Bible and the power of eternal life. As far as we have established, we have located the hiding places of two masters: Tepes, who has slipped into Rasen Castle, and Gilles de Rais, south of Lake Timore. The masters of our vampire line each carry a necklace that stands as their emblem. That necklace is made up of a pendant and bijous, and the jewels that compose it hold powerful magic. With it a master can control and use their strength freely.
이 목걸이에서 특별히 펜던트 부분은 마력의 결정체라고 할 수 있지. 제 아무리 강력한 마스터라 하더라도, 펜던트를 잃는다면 자신을 제어하지 못하고 무력하게 되어버린다네. 자네가 진정으로 태페즈를 없애길 바란다면, 그 놈의 목뿐만 아니라 목걸이를 빼앗아야 할 걸세. 그 목걸이를 직접 본지도 참으로 오래되었군.	The pendant part of this necklace in particular is the crystallised form of that magic. However powerful a master may be, lose the pendant and they can no longer control themselves and are left helpless. If you truly wish to destroy Tepes, you must take not only his head but the necklace. It has been a very long time since I last saw one with my own eyes.
마스터의 목걸이의 값어치에 대해 알고 싶습니다.	I would like to know what a master's necklace is worth.
그렇군요. 꼭 보실 수 있으시길 빕니다	I see. I hope you get to see one.
값어치가.. 단순히 물질적으로 말할 수 없을 정도로 중요한 것이지. 자네에게 그 목걸이의 펜던트와 비쥬가 있다면, 보통의 물건들과는 다른 매우 진귀한 것으로 교환해 주겠네. 물론 펜던트와 비쥬에 따른 차이는 있을 것이지만 말일세. 하겠는가?	Its worth... is too important to put in merely material terms. If you have the pendant or a bijou from that necklace, I will trade you something rare, quite unlike ordinary goods. There will be a difference between pendant and bijou, of course. Will you?
예, 테페즈의 팬던트를 교환하겠습니다.	Yes, I will trade Tepes' pendant.
예, 테페즈의 비쥬를 교환하겠습니다.	Yes, I will trade Tepes' bijou.
예, 질드레의 팬던트를 교환하겠습니다.	Yes, I will trade Gilles de Rais' pendant.
예, 질드레의 비쥬를 교환하겠습니다.	Yes, I will trade Gilles de Rais' bijou.
아니요. 죄송하지만 교환할 수 없군요. 이만 가 보겠습니다.	No. Forgive me, but I cannot trade. I will be on my way.
마스터께서 이상해지셨어. 대체 무슨 일이 있었던 걸까… 하지만 그렇다고 해도 날 저런 장사치들 사이에 서게 하다니… 음? 혹시 당신 지금 내게 무어라고 했었던가요?	The master has changed. Whatever can have happened... and even so, to have me standing among these tradespeople... hm? Did you say something to me just now?
예, 한가지 여쭙고 싶은 게 있어 찾아왔습니다.	Yes, there is something I came to ask.
레베카, 성향을 좀 조정해주셨으면 합니다.	Rebecca, I would like my alignment adjusted.
무기와 비드를 보고 싶은데, 보여주겠나?	I would like to see the weapons and beads. Will you show me?
모아온 혈석을 교환하고 싶습니다.	I would like to exchange the blood stones I have gathered.
아뇨, 저는 그저 지나가던 중이었습니다.	No, I was only passing through.
좋아요. 하지만 저와 대화할 시간이 길게 주어질 수 없다는 것쯤은 잘 아실 테지요.	Very well. But you know full well I cannot give you long to talk.
알겠습니다, 레베카. 흐흠, 저… 당신은 마스터와 어떻게 만나게 되셨습니까?	Understood, Rebecca. Ahem, so... how did you come to meet the master?
알겠습니다. 그럼 이만…	Understood. Until next time...
호호호호… 궁금하다 것이 고작 바토리 님과 만나게 된 연유입니까? 이상한 질문이지만 궁금하시다면 대답해 드려야지요. 한 40년 전쯤에 마스터를 처음 뵈었습니다. 그때 뱀파이어로 갓 태어나 방황하고 있던 저를 거두어 많은 것들을 가르쳐 주셨지요.	Ho ho ho ho... all you wanted to know was how I came to meet Lady Bathory? A strange question, but if you want to know I had better answer. I first saw the master some forty years ago. I was newly born a vampire and adrift, and she took me in and taught me a great deal.
그렇다면 혹시 피의 성서에 대해 아십니까?	In that case, do you know anything about the Blood Bible?
마스터의 은총을 받으셨군요. 마스터께서 친히 마법을 가르쳐 주시던가요?	So you have the master's favour. Did she teach you magic herself?
예, 알겠습니다. 제가 말이 많았군요. 이만 가보겠습니다.	Yes, understood. I have talked too much. I will be on my way.
피의 성서는 우리들 사이에서 '성전'이라 불리지요. 그것만 있으면 이 세상은 우리의 것이 될 수 있지요. 하지만 그 이상은 저도 잘 모른답니다.	The Blood Bible is what we call "the scripture". With it alone this world could be ours. But beyond that even I do not know much.
저는 이만 가보는 게 좋을 것 같습니다. 그럼 안녕히…	I had best be on my way. Farewell, then...
물론 가르쳐 주셨지요. 그저 제가 강해지기만을 바라면서요. 한가지 아쉬운 점이 있다면 브리콜라카스 님의 마법을 아직 전수 받지 못했다는 거죠. 마스터께 마법을 가르치신 분이자, 최강의 뱀파이어인 그분에게 마법을 전수 받는 날만을 손꼽고 있답니다.	She taught me, of course. Wanting nothing but for me to grow strong. If I regret one thing, it is that I have not yet been taught Lord Vrykolakas' magic. He is the one who taught the master her magic, the strongest of vampires, and I count the days until he passes his magic on to me.
저는 그분께 마법을 직접 전수 받았습니다만 레베카님은... 아직이시라니 조금 놀라운 일이로군요.	I was taught magic by him directly, so it is rather surprising that you have not been, Rebecca.
너무 오랜 시간을 빼앗아 죄송합니다. 이만 가보겠습니다.	Forgive me for taking up so much of your time. I will be on my way.
예, 아쉽게도 그분의 마법은 전수 받지 못했지요. 저도 당신처럼 그분께 강력한 흑마법을 배우고 싶습니다. 설령 그분이 가르쳐주지 않는다고 하더라도 어떻게든 마법을 전수 받고 말 겁니다.	Yes, sadly I have not been taught his magic. I want to learn his powerful black magic just as you did. And even if he will not teach me, I mean to be taught it one way or another.
여부가 있겠습니까. 시간을 많이 빼앗았으니 그럼 전 이만…	Naturally. I have taken up much of your time, so I will be on my way...
악질 뱀파이어께서… 드디어 납시었군. 약간만 기부를 하시면 성향을 조정해 드리지요. 기부 액에 따라 차이가 있다는 점을 유념하십시오.	A vampire of ill repute... has come at last. Make a small donation and I will adjust your alignment. Note that the effect varies with the amount.
여기 10,000 겔드를 기부하겠습니다.	Here are 10,000 geld as a donation.
여기 50,000 겔드를 기부하겠습니다.	Here are 50,000 geld as a donation.
여기 100,000 겔드를 기부하겠습니다.	Here are 100,000 geld as a donation.
여기 500,000 겔드를 기부하겠습니다.	Here are 500,000 geld as a donation.
여기 1,000,000 겔드를 기부하겠습니다.	Here are 1,000,000 geld as a donation.
이런 제 주머니 사정으론 어림도 없겠군요. 돈을 좀 모아 다시 오겠습니다.	My purse will not stretch to that. I will gather some money and come back.
어째서 마스터의 심기가 불편해지신 걸까… 행여 내가 무슨 잘못이라도 저지른 건 아닐까…	Why has the master's mood turned... could I have done something wrong...
레어 안에서 여기까지 들려오는 저 소리는 대체 뭐지? 바토리 님은 괜찮으신 걸까?	What is that sound carrying all the way here from inside the lair? Is Lady Bathory all right?
아우스터즈의 결계는 마녀 같은 카리사스에 의해 생겼다고 합니다.	They say the Ousters' barrier was raised by that witch Carissas.
블라드 녀석이 요즘 수상한 기미를 보인다고 하던데…	I hear that Vlad has been showing suspicious signs lately...
행여나 마스터의 신변을 위협하는 녀석이 생긴다면 내 친히 피를 말려주도록 하지.	Should anyone threaten the master's person, I will drain them of blood myself.
그 귀찮기 짝이 없는 결계만 없었어도 벌써 예전에 아우스터즈들의 피로 성대한 축제를 열수 있었을 텐데 말이지요.	If it were not for that thoroughly tiresome barrier, we could have held a grand feast on the Ousters' blood long ago.
난 대체 언제까지 이런 곳에 있어야만 하는 거지?	How much longer must I stay in a place like this?
마스터의 눈밖에 난 녀석치고 스스로 죽음을 원치 않게 된 녀석은 없었지.	Nobody who falls out of the master's favour ends up wanting anything but death.
블라드 발 밑에서 살살거리는 놈들은 죄다 바토리 님의 욕조 속에서 섞이게 될 줄 알아라.	Every creature fawning at Vlad's feet can expect to be stirred into Lady Bathory's bath.
글쎄… 얘기한들 알 수 나 있으려나 몰라. 전설로 전해지던 '아우스터즈'라는 반쪽짜리 뱀파이어들이 그저 한낱 꾸며낸 이야기만은 아닐 가능성이 높다는 거죠. 그리고 이 녀석들은 우리에게 원한을 가지고 있다고 하네요. 요새 이 녀석들에 대한 조사를 진행중이니까 열심히 해보는 게 좋을 거에요.	Well... I doubt you would understand even if I told you. There is a strong chance that the "Ousters", the half-vampires handed down in legend, are more than an invented tale. And they are said to bear us a grudge. We have an investigation into them under way, so you had best work hard at it.
예, 그랬었군요.	Yes, so that is how it is.
전설에 의하면 아우스터즈는 뱀파이어에게 물렸던 희생자들이라고 하더군요. 그들이 뱀파이어로 변하기전에 당시 유명한 무녀였던 카리사스의 도움을 받아 인간이 되려고 했던 거죠. 하지만 어디까지나 그녀석들은 반쪽짜리 뱀파이어일 뿐이야. 영원히 생명을 가지고, 피를 마시지 못하지만 태양의 영향은 받지않는다는군요. 다만 어째서 그러한 녀석들이 갑자기 대량으로 생겨났었던 것인가에 대해서는 의문으로 남아 있죠.	Legend says the Ousters were victims of vampire bites. Before they could turn into vampires they sought the help of Carissas, a famous shaman of the time, and tried to become human. But they are half-vampires and nothing more. They live forever, cannot drink blood, and are said to be unaffected by the sun. What remains a mystery is why so many of them appeared all at once.
나는 더 이상 알고 있는 정보가 없어요. 림보성 남동에 있는 라르바를 찾아가 보세요. 더럽기 짝이 없는 녀석이지만… 어째서 바토리님은 그런 녀석에게 일을 맡긴 것인지…	I have no more information. Go and find Larva, in the south-east of Limbo Castle. A thoroughly filthy creature... why Lady Bathory entrusted work to the likes of him...
아우스터즈들한테 관심이 있다니 다행이군요. 하지만 저는 당신이 이번 일을제대로 수행할 수 있을지는 조금 의심스럽군요. 가벼운 테스트를 거쳐봐도 좋을지 모르겠네요.	It is fortunate that you are interested in the Ousters. But I have some doubt as to whether you can carry this out properly. Perhaps we had better put you through a light test.
물론입니다. 어떤 것인지 알려만 주십시오.	Of course. Just tell me what it is.
마력을 보충한 후 다시 돌아오겠습니다.	I will come back once I have replenished my magic.
이제 당신을 믿을 수 있겠군요. 먼저 조사를 시작한 동지들의 보고에 의하면 뱀파이어는 아닌 것 같았으나 인간이라고 보기에도 기이한 무언가를 발견했다는 주민이 있다고 하네요. 그들도 목격자가 있다는 정보만 얻었을뿐 아직 직접적인 접촉은 하지 못하였어요. 당신은 그 목격자를 찾아 정보를 얻어와야 합니다. 이 임무를 수행할 수 있을까요?	Now I can trust you. According to the report from the comrades who began the investigation, there is a resident who found something that did not appear to be a vampire yet was too strange to be called human. They only learned that a witness exists; they have made no direct contact. You are to find that witness and bring back what they know. Can you carry out this task?
라르바를 찾아가도록 하세요. 림보성 남동에 있죠. 조심하세요. 절대로 그의 말에 현혹되어서는 안됩니다.	Go and find Larva. He is in the south-east of Limbo Castle. Be careful. You must never let his words beguile you.
예, 조심하겠습니다.	Yes, I will be careful.
나는 더 이상 당신한테 줄 임무가 없습니다. 라르바가 당신에게 임무를 주지 않던가요?	I have no further tasks for you. Did Larva not give you one?
하고 있던 일은 어떻게 된거죠? 그것이나 마치고 오는게 어떨까요?	What became of the work you were doing? Why not finish that first?
그렇군요. 알겠습니다.	I see. Understood.
임무를 완수하셨군요. 그럼 보상을 먼저 받도록 하시는게 어떨지요.	So you have completed the task. Then why not take the reward first?
훌륭합니다. 바토리님도 안심하실 겁니다. 하지만 테스트를 받았다고 해서 임무를 수행할 필요까지는 없습니다. 테스트에 응한 것만으로도 바토리님께서 내리시는 보상은 충분히 받을 수 있지요. 정식 임무의 수행은 어디까지나 당신의 선택에 달려있습니다. 그럼 보상을 받겠습니까, 아니면 바토리님의 명을 받들어 정식 임무를 수행토록 하겠습니까?	Splendid. Lady Bathory will be reassured. But taking the test does not oblige you to carry out the task. Sitting the test alone earns you a full reward from Lady Bathory. Taking on the formal task is entirely your choice. So, will you take the reward, or obey Lady Bathory's command and carry out the formal task?
당신이 가져온 정보는 매우 유용한 것이었습니다. 그럼 다음 임무도 수행하실 수 있겠지요. 이번에도 마찬가지로 임무를 꼭 수행할 필요는 없습니다. 이번 임무를 해낸 것만으로도 바토리님은 기뻐하시며 보상을 내리십니다. 다음 임무는 보다 더 위험하고 어렵겠지요. 이 명을 받드는 것은 어디까지나 당신의 선택에 달려있습니다. 그럼 보상을 받겠습니까, 아니면 다음 임무를 수행토록 하겠습니까? 저는 당신의 충성심을 보고 싶습니다.	The information you brought was very useful. So you can carry out the next task as well, I take it. As before, you are not obliged to. Completing this task alone will please Lady Bathory and earn you a reward. The next task will be more dangerous and more difficult. Obeying this command is entirely your choice. So, will you take the reward, or carry out the next task? I should like to see your loyalty.
바토리님의 명이라면 무엇이든지 좋습니다.	Anything Lady Bathory commands is welcome.
솔직히 이번 임무도 제겐 너무 버거웠습니다. 보상을 받았으면 합니다.	Frankly, this task was almost too much for me as well. I would like the reward.
내용을 보아하니 내가 내린 임무가 아닌 것 같군요.	From the sound of it, this was not a task I gave you.
그렇습니까? 실례했습니다.	Is that so? Excuse me.
보상이라고요? 라르바를 찾아가야 하는게 아닌가요?	A reward? Should you not be going to find Larva?
예, 착오가 있었던 것 같습니다.	Yes, there seems to have been a mistake.
바토리님은 거짓말을 매우 싫어합니다. 임무를 완수하신 후에 보상을 바라도록 하시지요.	Lady Bathory greatly dislikes lies. Wait until you have completed the task before you ask for a reward.
죄, 죄송합니다.	I, I am sorry.
흠… 고작 이 정도에 나가 떨어지다니…. 당신의 충성심이 의심스럽군요. 정말로 포기하려는 겁니까?	Hm... to fall over at nothing more than this... I begin to doubt your loyalty. Do you really mean to give up?
아닙니다. 저의 충성심을 보여줄 기회를 다시 한번 주십시오.	No. Give me one more chance to show my loyalty.
제가 당신에게 임무를 맡겼던가요?	Did I assign you a task?
아, 뭔가 착오가 있었나봅니다.	Ah, there seems to have been some mistake.
예? 이미 훌륭하게 완수한 임무를 놔두고 왜 포기란 말을 하고 계시는 것이지요? 어서 보상이나 받으시지 그러세요.	What? You have already completed the task splendidly, so why speak of giving up? Go and take your reward.
앗, 말이 헛나왔나 봅니다.	Ah, that came out wrong.
아우스터즈의 결계를 부수고 싶다는 의지가 있다니 다행이군요. 하지만 저는 당신이 이번 일을 제대로 수행할 수 있을지가 조금 의심스럽습니다. 당신의 지혜를 시험하기위한 가벼운 테스트를 거쳐봐도 좋을지 모르겠네요.	It is fortunate that you have the will to break the Ousters' barrier. But I have some doubt as to whether you can carry this out properly. Perhaps we had better put you through a light test of your wits.
요점만 설명하겠어요. 우리는 마력을 감지할 수 있는 펜듀럼이 급히 필요합니다. 그러나 이를 사용하기 위해서는 특수한 광물로 만든 다우징이 있어야하지요. 이 광물 10개를 찾아올 수 있습니까?	I will give you only the essentials. We urgently need a pendulum that can sense magical force. But to use it we must have a dowsing rod made of a particular mineral. Can you find ten pieces of this mineral?
%(QuestZone)에서 %(Target) 8개를 찾아올 수 있습니까?	Can you find 8 %(Target) at %(QuestZone)?
여러분들의 수고로 광물조각은 충분히 마련할 수 있었습니다. 하지만 이를 정제하기 위해서는 리피니움이라는 물질이 필요하다는 군요. 이는 림보성 북동쪽의 어떤 탄광에서만 구할 수 있다고 합니다. 이곳은 보이지 않는 벽과 트랩으로 침입자를 막고 있다고하니 각별히 주의를 기울이시기 바랍니다. 어떻습니까?	Thanks to all of you we have mineral fragments enough. But refining them requires a substance called refinium. It is said to be obtainable only from a certain mine to the north-east of Limbo Castle. The place is guarded against intruders by invisible walls and traps, so please take particular care. Well?
펜듀럼과 다우징을 이용하여 조사한 결과 아우스터즈의 결계를 부술 열쇠가담긴 마도서는 행방을 알아낼 점토인형의 위치를 알 수 있게 되었습니다. 이 점토인형은 조각난 채 에슬라니아 각 지역에 널리 퍼져 있다고 합니다. 조각난 점토인형을 모두 모아 맞춰올 수 있겠습니까?	Our survey with the pendulum and the dowsing rod has located the clay figure that will reveal where the grimoire holding the key to breaking the Ousters' barrier lies. The clay figure is said to be broken into pieces scattered across the regions of Eslania. Can you gather every fragment and put it back together?
%(QuestZone)에서 조각난 점토인형을 모두 모아 맞춰오십시오.	Gather every fragment of the clay figure at %(QuestZone) and put it back together.
다행히도 마도서를 찾는 데는 성공했습니다. 하지만 이를 해석하기 위해서 5종의 마석을 찾아 코드표를 완성하여야 합니다. 올바른 코드표를 완성하려면 마석에 새겨진 스펠을 조합하여야 하며, 상하좌우로 인근한 마석의 스펠을 피해 끼워넣기만 하면 된다고 합니다. 코드표를 잘 살펴보면 직관적으로 알 수 있을 것이라 생각됩니다. 바토리님을 위해 마지막까지 힘을 다해주시기 바랍니다. 어떻습니까? 괜찮다면 코드표를 받도록 하십시오.	Fortunately we succeeded in finding the grimoire. But to read it we must find five kinds of magic stone and complete a code table. To complete the table correctly you must combine the spells inscribed on the stones, fitting them in so as to avoid the spells of the stones adjacent above, below, left and right. Study the table and I think it will be plain enough. Please give everything you have, to the very end, for Lady Bathory. Well? If you are willing, take the code table.
오…, 이것이 그 광물 조각이란 말입니까? 정말 수고 많았습니다. 그럼 다음 임무도 수행하실 수 있겠지요. 이번에도 마찬가지로 임무를 꼭 수행할 필요는 없습니다. 이번 임무를 해낸 것만으로도 바토리님은 기뻐하시며 보상을 내리십니다. 다음 임무는 보다 더 위험하고 어렵겠지요. 이 명을 받드는 것은 어디까지나 당신의 선택에 달려있습니다. 그럼 보상을 받겠습니까, 아니면 다음 임무를 수행토록 하겠습니까? 저는 당신의 충성심을 보고 싶습니다.	Oh... is this the mineral fragment? Well done indeed. So you can carry out the next task as well, I take it. As before, you are not obliged to. Completing this task alone will please Lady Bathory and earn you a reward. The next task will be more dangerous and more difficult. Obeying this command is entirely your choice. So, will you take the reward, or carry out the next task? I should like to see your loyalty.
대단하군요. 놀랍습니다. 정말 수고 많았습니다. 그럼 다음 임무도 수행하실 수 있겠지요. 이번에도 마찬가지로 임무를 꼭 수행할 필요는 없습니다. 이번 임무를 해낸 것만으로도 바토리님은 기뻐하시며 보상을 내리십니다. 다음 임무는 보다 더 위험하고 어렵겠지요. 이 명을 받드는 것은 어디까지나 당신의 선택에 달려있습니다. 그럼 보상을 받겠습니까, 아니면 다음 임무를 수행토록 하겠습니까? 저는 당신의 충성심을 보고 싶습니다.	Remarkable. Astonishing. Well done indeed. So you can carry out the next task as well, I take it. As before, you are not obliged to. Completing this task alone will please Lady Bathory and earn you a reward. The next task will be more dangerous and more difficult. Obeying this command is entirely your choice. So, will you take the reward, or carry out the next task? I should like to see your loyalty.
벌써 코드표를 완성했단 말입니까? 놀랍습니다. 당신이 일족들을 위하여 이룬 업적에 대한 보상은 결코 섭섭치 않게 내려질 것이라 장담합니다. 이로써 우리는 아우스터즈의 결계를 부수고 들어갈 모든 준비가 이루어졌습니다. 바토리님을 직접 알현할 기회를 마련해드리도록 하지요.	You have completed the code table already? Astonishing. I promise the reward for what you have achieved for our kind will be nothing short of generous. With this we have everything we need to break the Ousters' barrier and go in. I will arrange for you to have an audience with Lady Bathory herself.
영광입니다.	I am honoured.
무슨 소리입니까? 혹시 다음 임무를 포기하겠다는 건가요?	What is this? Do you mean to abandon the next task?
충성심이 부족해서가 아닙니다. 좀 더 준비를 한 후 나중에 다시 수행하겠습니다.	It is not for want of loyalty. I will prepare further and carry it out later.
충성심이고 뭐고 모두 잊고 싶습니다. 이전 퀘스트에 대한 보상을 받고 싶습니다.	I want to forget all this talk of loyalty. I would like the reward for the previous quest.
매우 실망했습니다. 저를 실망시키고 싶지 않다면 한번 더 생각해보는 것이 어떻겠습니까?	I am greatly disappointed. If you would rather not disappoint me, why not think it over once more?
저로써는 최선을 다했다고 생각합니다. 보상이나 받았으면 싶습니다.	I believe I did all I could. I would rather just take the reward.
다시 한번 생각해보도록 하지요.	I will think it over once more.
자네 기록에 빨간 줄이 그어져 있다면.. E.V.E활동자금으로 조그만 기부하면 지울 수 있다네. 단 자네의 기록에 따라 액수가 달라지지. 꼭 빨간 줄 때문만이 아니라도 이번에 특별하게 준비한 '밸런스 링'이란 것이 있다네. 이걸 사용하면 자신의 능력치 중 하나를 원하는 능력치로 바꾸어 주는 특수 속성을 지닌 링일세. 자, 무슨 용건인가?	If there are red marks on your record... a small donation to E.V.E.'s operating funds will wipe them off. The amount varies with your record, mind. And quite apart from the red marks, we have prepared something special this time called a "balance ring". It carries a property that converts one of your stats into a stat of your choosing. Now then, what is your business?
10000레이를 기부하겠습니다.	I will donate 10,000 lei.
50000레이를 기부하겠습니다.	I will donate 50,000 lei.
100000레이를 기부하겠습니다.	I will donate 100,000 lei.
500000레이를 기부하겠습니다.	I will donate 500,000 lei.
1000000레이를 기부하겠습니다.	I will donate 1,000,000 lei.
카운터 밸런스 링을 구입하고 싶습니다.	I would like to buy a counter balance ring.
부디 몸조심하게. 너무 앞에 나서지는 말고.	Do take care of yourself. And do not push too far to the front.
내 나이가 벌써 90이 다 되어 간다네. 이제 곧 갈 때가 된거지.	I am nearly ninety now. It will soon be time for me to go.
안드레이 드미트리히 스토야노프라고 하네. 외우기가 좀 어려울걸세.	Andrei Dmitrievich Stoyanov. Rather hard to remember, I am afraid.
무엇보다도 중요한건 바로 건강이라네.	Nothing matters more than your health.
바티칸에서 내 마지막 생애를 보내고 싶어서 여기로 왔다네. 이곳은 나에게 어머니 같은 곳이지.	I came here wanting to spend my last years in the Vatican. This place is like a mother to me.
그 분 옆에서 잘 보필할 수 있을지.. 빨리 그 분을 보고 싶다네. 얼마 안 있으면 나도 그 분 곁으로 갈 수 있을 거야.	Whether I can serve well at his side... I long to see him soon. Before long I shall be able to go to him.
자네 루마니아에 가보았는가? 그곳은 정말 아름다운 곳이지. 하느님의 나라가 아마 그런 모습일꺼야..	Have you been to Romania? It is a truly beautiful place. The kingdom of God must look something like that...
'밸런스 링'... 정말 편리한 물건이지 않은가? 자신이 원할 때 자신의 능력치를 자유롭게 나눌 수 있다니 말일세	The "balance ring"... a genuinely convenient thing, is it not? To be able to redistribute your own stats freely whenever you wish.
허허... 아무리 이 반지는 내가 만든 것 이라지만, 정말 훌륭한 물건이라니까.. 이 늙은이의 지혜의 결정체일세.	Ho ho... I made this ring myself, I know, but it really is a splendid thing. The crystallised wisdom of this old man.
그래, 무슨 일로 날 찾아 오셨죠?	Well, what brings you to me?
다친 곳이 있습니다.	I am injured.
소모성 아이템을 구입하고 싶습니다.	I would like to buy consumable items.
계급 스킬을 초기화 하고 싶습니다.	I would like to reset my rank skills.
현재 자신의 선택한 계급스킬이 부적합 할 경우, 일정 금액을 기부하신다면, 해당 계급스킬을 삭제해 드리겠습니다. 각 단계의 계급 스킬은 한번씩만 삭제할 수 있으며, 삭제 된 후에는 다시 원하시는 스킬을 선택하여 사용할 수 있습니다. 삭제 되길 원하는 계급을 선택하여 주십시오.	If the rank skill you have chosen does not suit you, donate a certain sum and I will delete it for you. Each tier of rank skill can be deleted only once, and after deletion you may choose and use whichever skill you wish. Please select the rank you want deleted.
서런트 : 500,000 레이	Servant : 500,000 lei
피셀 : 2,000,000 레이	Fiscel : 2,000,000 lei
리테나 : 10,000,000 레이	Litena : 10,000,000 lei
케이널 : 50,000,000 레이	Cainal : 50,000,000 lei
지니얼 : 100,000,000 레이	Genial : 100,000,000 lei
포어지니얼 : 500,000,000 레이	Foregenial : 500,000,000 lei
아닙니다. 좀 더 생각해 보겠습니다.	No. I will think it over further.
아무리 생각해 보아도, 이곳으로 와버린 건 성급한 판단이었던 것 같아요. 돈이야 많이 벌었지만, 너무 위험하거든요.	However I look at it, coming here was a rash decision. I have earned plenty of money, but it is far too dangerous.
가벼운 상처 정도는 혼자 치료하지 그래요. 분명히 말해 두지만 난 의사가 아니라 생물학자에요. 내 연구를 방해 하지 말아 줬으면 합니다.	Treat a light wound yourself, why not. Let me be clear: I am not a doctor, I am a biologist. I would rather you did not interrupt my research.
아담의 성지는 언제쯤 열릴까요? 그곳엔 연구자료들이 잔뜩 널려 있을 텐데..	When will Adam's holy ground open, I wonder? Research material must be lying all over the place there...
무슨 일을 하건 간에 집중하지 않으면 안되죠. 정신력이야 말로 불가능을 가능으로 만들 수 있는 무한한 힘이니까요.	Whatever you do, you must concentrate. Willpower is the boundless force that turns the impossible into the possible.
필요한 무기가 있으면 말만 하라고, 무엇이든 구해주지. 단 주머니 사정이 넉넉하다면 말이야.자, 그럼 무슨 용건으로 날 찾아 온 거지?	If there is a weapon you need, just say the word and I will get you anything. Provided your purse can stand it, that is. Now then, what brings you to me?
제게 좋은 무기를 추천해 주십시오.	Recommend me a good weapon.
제가 가진 아이템을 팔고 싶습니다.	I would like to sell the items I have.
전쟁에 참가하고 싶습니다.	I would like to take part in the war.
잘못 찾아 왔습니다. 다음에 뵙겠습니다.	I have come to the wrong place. Until next time.
다들 그런 말을 하더군. 돈에 환장했냐고 말이야.	Everyone says the same thing. That I am mad for money.
뭐라고들 하건 상관없어. 이렇게 무엇에든 열중하지 않고선 살아 갈수 없었으니까...	Let them say what they like. I could not have gone on living without throwing myself into something like this...
물론 이런 처참한 심정을 이해할 순 없을 테지. 누구라도 말이야.	You could hardly understand a wretchedness like this, of course. Nobody could.
성 밖의 무시무시한 놈들을 조심하라고. 언제 목을 물어 뜯길지 모르니까.	Watch out for the terrible things outside the castle. There is no telling when they will tear your throat out.
잘나신 분들은 열심히 사냥이나 하시라고... 이 미천한 놈은 덕분에 돈이나 벌 어 볼테니... 크크... 크크크	Let the fine folk go off and hunt... this lowly wretch will make a bit of money out of it... heh heh... heh heh heh.
전쟁신청은 동족간 길드 사이의 경쟁으로, 서로 소유의 성을 차지 하는 것이 목표 입니다. 전쟁 관련 사항 중 무슨 일로 오셨습니까?	A war application is a contest between guilds of the same kind, the aim being to take each other's castle. What war business brings you here?
성을 차지하기 위한 길드 전쟁을 신청을 하고 싶습니다.	I would like to apply for a guild war to take a castle.
수성측을 도와주기 위해 공성전을 신청하고 싶습니다.	I would like to apply for the siege on the defenders' side.
수비측 참전을 신청한 길드를 보고 싶습니다.	I would like to see the guilds that applied to fight on the defending side.
전쟁 대기 리스트를 열람하고 싶습니다.	I would like to view the war waiting list.
종족 전쟁에 참가 신청을 하고 싶습니다.	I would like to apply to take part in the race war.
공성 지역으로 이동하고 싶습니다.	I would like to travel to the siege area.
아닙니다. 이만 가보겠습니다.	No. I will be on my way.
%(GuildName) 팀이 수비측 참전을 신청했습니다. 수락하시겠습니까?	Team %(GuildName) has applied to fight on the defending side. Will you accept?
수락	Accept
거부	Refuse
취소	Cancel
수비측 참전을 신청한 길드가 없습니다.	No guild has applied to fight on the defending side.
안녕하세요. 오늘 하루도 무사하시길 빕니다. 무슨 일로 저를 찾아 오셨습니까?	Hello. May you come through today safely. What brings you to me?
제 아이템을 수리해 주십시오.	Repair my item, please.
보관함을 구입하고 싶습니다.	I would like to buy a storage box.
제 보관함을 보고 싶습니다.	I would like to see my storage.
페로나국도로 이동하고 싶습니다.	I would like to travel to the Perona highway.
팀 수익금 때문에 왔습니다.	I have come about the team's takings.
성의 세율을 바꾸고 싶습니다.	I would like to change the castle's tax rate.
성안 후송 위치 지정 ( 요금 : %(CastleResurrectFee) / 1회 )	Set evacuation point inside the castle ( fee: %(CastleResurrectFee) / use )
성밖 후송 위치 지정	Set evacuation point outside the castle
아닙니다. 잘못 찾아 왔군요.	No. I have come to the wrong place.
듣던 것보다... 상황이 좋지 않군요. 최악의 상황으로 치닫기 전에.. 우리가 막아야 합니다.	The situation is worse than I had heard. We have to stop it before it turns to the worst.
하루속히 그들을 막지 못하면.. 상황이 더 심각해질 수 있다는 사실을 명심하셔야 합니다.	Bear in mind that if we do not stop them soon, things could grow far more serious.
그들이 이곳을 장악하게 되면... 누구도 막을 방법이 없을테니까요...	If they take control of this place... nobody will have any way to stop it...
그들은 항상 당신을 노리고 있을 겁니다. 조심하세요.	They will always be after you. Be careful.
이곳의 끝없는 전투가 우리들을 더 지치게 만들지요. 되도록이면... 힘을 아껴두세요. 최후의 결전이 멀지 않았습니다.	The endless fighting here wears us down all the more. Conserve your strength wherever you can. The final battle is not far off.
메이드 마리입니다. 안녕하세요, 마스터. 오늘 저에게 시키실 일은 어떤 거죠?	Marie the maid. Hello, master. What would you have me do today?
괜찮은 악세사리가 있으면 가져와보거라.	Bring me a decent accessory if you have one.
갖고 있는 아이템들을 팔겠다.	I will sell the items I have.
전쟁 참가서를 가져오거라.	Bring me the war application form.
아니, 잠깐 들러본 것뿐이야. 수고가 많구나.	No, I only stopped by. Keep up the good work.
마스터 님들은 어떻게 되신 거죠? 이렇게 오랫동안 돌아오지 않다니, 큰 사고라도 난 것일까요?	What has become of the masters? To be gone so long... could something terrible have happened?
보신적 있나요? 쿠아르투스에 있는 아미라는 메이드는 제 쌍둥이 동생이죠.	Have you seen her? The maid Amy in Quartus is my twin sister.
언제나 위선과 가식 밖에 모르는 짜증나는 계집애죠.	An irritating girl who knows nothing but hypocrisy and pretence.
그 계집애와 같은 피가 흐른다고 생각하면 정말 죽고 싶을 정도로 싫어.	The thought that the same blood runs in her makes me hate it enough to want to die.
아미 그 재수없는 계집애를 어떻게 요절내지? 그 얼굴만 봐도 역겨워.	How can I finish off that wretched girl Amy? Her face alone sickens me.
성을 차지하기 위한 길드전쟁을 신청하겠다.	I will apply for a guild war to take a castle.
수성측을 도와주기 위해 공성전을 신청하겠다.	I will apply for the siege on the defenders' side.
수비측 참전을 신청한 길드가 있는가?	Has any guild applied to fight on the defending side?
전쟁 대기 리스트를 가져오거라.	Bring me the war waiting list.
종족 전쟁에 참가 신청을 하겠다.	I will apply to take part in the race war.
공성지역으로 이동하겠다.	I will travel to the siege area.
다시 생각해 봐야겠군. 이만 가보겠다.	I had better think it over. I will be on my way.
%(GuildName) 클랜이 수비측 참전을 신청했습니다. 수락하시겠습니까?	Clan %(GuildName) has applied to fight on the defending side. Will you accept?
이만 가보겠다.	I will be on my way.
...............무슨 일이야?	...............what is it?
필요한 아이템이 있습니다. 보여주십시오.	There is an item I need. Show me.
제 물건을 사주시겠습니까?	Will you buy my things?
죄송합니다. 잘못 찾아 왔습니다.	Forgive me. I have come to the wrong place.
현재 자신의 선택한 계급스킬이 부적합 할 경우, 일정 금액을 지불하면, 해당 계급스킬을 지워줄께. 각 단계의 계급 스킬은 한번씩만 삭제할 수 있고, 삭제 된 후에는 다시 원하시는 스킬을 선택하여 배울 수 있어. 어떤걸 지울거야? 원하는 계급을 고르라고.	If the rank skill you have chosen does not suit you, pay a certain sum and I will wipe it for you. Each tier of rank skill can be deleted only once, and after deletion you can choose and learn whichever skill you want. Which will it be? Pick the rank you want.
라히스리터 : 500,000 겔드	Reichsritter : 500,000 geld
바로네트 : 2,000,000 겔드	Baronet : 2,000,000 geld
프라이헤르 : 10,000,000 겔드	Freiherr : 10,000,000 geld
그라프 : 50,000,000 겔드	Graf : 50,000,000 geld
마르크그라프 : 100,000,000 겔드	Markgraf : 100,000,000 geld
팔츠그라프 : 500,000,000 겔드	Pfalzgraf : 500,000,000 geld
...................릴리스.............아담.............	...................Lilith.............Adam.............
.............모두 나만 남겨놓고 가버렸어.............	.............they all went and left me behind.............
....하지만 이제 곧 돌아올 꺼야.	....but they will be back soon.
계속 기다리고 있어.....그들.....나......	I am still waiting.....for them.....for me......
자네 내게 볼일이 있어 왔군. 무슨 일인지 한번 들어볼까?	You have business with me. Let us hear what it is.
제 물건을 수리해 주시겠습니까?	Would you repair my things?
성안 부활 위치 지정 ( 요금 : %(CastleResurrectFee) / 1회 )	Set resurrection point inside the castle ( fee: %(CastleResurrectFee) / use )
성밖 부활 위치 지정.	Set resurrection point outside the castle.
클랜 수익금 때문에 왔습니다.	I have come about the clan's takings.
잘못 찾아 왔습니다. 실례했습니다.	I have come to the wrong place. Excuse me.
바토리님 소식이 전해 들리지 않아. 내가 직접 찾아 봐야할 텐데..	No word of Lady Bathory reaches us. I shall have to go and look myself...
바토리님께서 이곳에서 기다리라는 명령만 내리시질 않았다면...	If only Lady Bathory had not ordered me to wait here...
자네들은 혹시 바토리님에 대한 소식을 들은 것이 없는가?	Have you heard any news of Lady Bathory?
대개 골레머들은 머리가 나쁘긴 하지. 그렇다고 나도 그 놈들과 같이 취급하다간 자네 머릿속 기억하기 싫은 것들까지 훤히 꿰뚫어 주지.	Golems are generally dull-witted, true. But treat me as one of them and I will read out everything in your head, including what you would rather forget.
후후.. 독심술이라는 건 말이지, 상대방의 약점을 잡기에 그만이지.	Heh heh... mind reading, you see, is unmatched for finding an opponent's weakness.
마스터, 오늘도 안녕하신지요. 무슨 일로 저를 부르셨습니까?	Master, I trust you are well today. What do you call me for?
나에게 어울릴만한 방어구를 갖고 오너라.	Bring me armour that would suit me.
내가 가진 물건들을 팔겠다.	I will sell the things I have.
전쟁참가 신청서를 갖고 와 주게.	Bring me the war application form.
항상 수고가 많군. 계속 열심히 하게.	You work hard as always. Keep it up.
이 곳은 매우 위험한 지역입니다. 모두들 조심하세요.	This is a very dangerous area. Everyone take care.
전 언니를 좋아하지만, 언니는 절 싫어하시죠. 하지만 언젠가는 이런 제 마음을 알아주실 것이라 믿어요.	I am fond of my sister, but she dislikes me. Still, I believe she will understand how I feel one day.
마음속으로 간절히 원한다면 분명 이루어 질것이라고 생각해요.	I think that if you want something dearly enough in your heart, it will surely come to pass.
어서 마스터님들이 무사히 귀환하시길 기도합니다.	I pray the masters return safely soon.
수비측 참전을 신청한 길드를 보겠다.	I will see the guilds that applied to fight on the defending side.
종족 전쟁에 참가신청을 하겠다.	I will apply to take part in the race war.
오셨습니까. 마스터, 무슨 일로 저를 찾으셨습니까? 최선을 다해 도와드리겠습니다.	Welcome, master. What do you call me for? I will do everything I can to help.
내게 필요한 물품들을 가져와 보게.	Bring me the goods I need.
내 물건들을 팔고 싶은데 도와 주게나.	I want to sell my things. Give me a hand.
게급 스킬을 초기화 하고 싶은데 도와주겠나?	I want to reset my rank skills. Will you help?
수고가 많군. 자네를 언제나 고맙게 생각한다네.	You work hard. I am always grateful to you.
현재 자신의 선택한 계급스킬이 부적합 할 경우, 일정 금액을 지불하신다면, 해당 계급스킬을 삭제해 드리겠습니다. 삭제 된 후에는 다시 원하시는 스킬을 선택하여 사용할 수 있습니다.	If the rank skill you have chosen does not suit you, pay a certain sum and I will delete it for you. After deletion you may choose and use whichever skill you wish.
아니. 더 생각해 보고 오겠네	No. I will think it over and come back.
곧 마스터 님들이 돌아오실 것입니다.	The masters will return before long.
부족하지만, 우선은 제가 여러분들께 도움을 드리겠습니다.	I am not much, but I will help you all for the time being.
의문 사항이나, 필요한 것들은 제게 말씀해 주십시오.	Tell me if you have any questions or need anything.
지금 밖의 상황은 매우 위험합니다. 모두 조심하시기 바랍니다.	Things outside are very dangerous just now. Please take care, all of you.
뭐 하는 놈이냐! 무슨 일로 나를 찾는 거지?	What are you! What do you want with me?
제 아이템을 고쳐주셨으면 합니다.	I would like my item repaired.
성밖 부활위치 지정.	Set resurrection point outside the castle.
죄송합니다. 잘못 찾아 왔군요.	Forgive me. I have come to the wrong place.
지금 바토리님이 어떻게 되셨는지도 모르는데... 이런 곳에서 물건이나 고치고 있어야 하다니...	We do not even know what has become of Lady Bathory... and here I am mending things in a place like this...
이봐! 물건 똑바로 고치고 싶다면 나가서 바토리님 소식을 가져오라고...	Here! If you want your things mended properly, go out and bring me news of Lady Bathory...
망할 마스터 놈들... 바토리 님의 머리카락 하나라도 상하게 했다간 그 놈들 머리를 산 채로 부셔버리겠어.	Damn those masters... harm so much as a hair of Lady Bathory's and I will crush their skulls while they live.
이것들아, 물건 좀 험하게 쓰지마! 고치는 입장이 돼보라고... 제기.	You lot, stop treating your things so roughly! Try being the one who has to mend them... damn it.
하이! 하이! 무슨 일로 왔어요? 내가 도울 수 있는 건가요?	Hi! Hi! What brings you here? Is it something I can help with?
소모성 아이템을 사고 싶습니다.	I would like to buy consumable items.
제 아이템을 팔고 싶습니다.	I would like to sell my items.
폭탄이나 총알 같은 것들 말이죠? 저 잘 만들 수 있어요.	Bombs and bullets and the like, you mean? I am rather good at making those.
하지만 처음에는 실패를 많이 했죠. 태워먹은 옷이 한 두벌이 아니라 어머니께 많이 혼났어요.	I failed a great deal at first, though. I burned through more than a few sets of clothes and got a real telling-off from my mother.
요즘 다들 지쳐 보여요… 모두 힘내세요!	Everyone looks worn out lately... keep your spirits up, all of you!
~(-_-~)~(-_-)~(~-_-)~ 모두 함께 흔들흔들 댄스를~	~(-_-~)~(-_-)~(~-_-)~ Everybody wiggle-wiggle dance!
나도 나가서 싸우고 싶어라... 제 몫까지 열심히 싸워주세요!	I want to get out there and fight too... fight hard for my share as well!
오늘도 착하게 살고 있겠지? 그렇지 않으면 각오해두는 것이 좋을걸. 이 주먹이 가만있지 않을 테니 말야. 헌데 무슨 일로 날 찾아왔지?	Living a decent life today, I trust? If not you had best brace yourself. This fist will not stay still. So what brings you to me?
이 아이템을 수리해 주십시오.	Repair this item, please.
좋은 방어구를 추천해 주십시오.	Recommend me some good armour.
아이템을 팔고 싶습니다. 제 물건을 사주시겠습니까?	I want to sell some items. Will you buy my things?
제가 잘못 왔군요. 다음에 다시 뵙겠습니다.	I have come to the wrong place. Until next time.
지금 자신의 선택한 계급스킬이 부적합 할 경우, 일정 금액을 기부하면, 해당 계급스킬을 삭제해 주지. 각 단계의 계급 스킬들은 단 한번씩만 삭제할 수 있고, 삭제 된 후에는 다시 원하시는 스킬을 선택하여 사용할 수 있어. 삭제 되길 원하는 계급을 선택하라고.	If the rank skill you have chosen does not suit you, donate a certain sum and I will delete it for you. Each tier of rank skill can be deleted only once, and after deletion you can choose and use whichever skill you want. Pick the rank you want deleted.
아닙니다. 좀 더 생각해 보겠습니다	No. I will think it over further.
이봐! 착하게 살아. 착하게!	Here! Live decently. Decently!
남의 눈에 피눈물이 흐르게 하고 잘되는 놈들은 못 봤다고...	I have never seen anyone prosper who made others weep tears of blood...
이곳 성지 말이야, 못 보던 놈들도 있던데... 일 끝나고 함께 사냥 가지 않겠어? 이 몸의 실력을 보여주지!	This holy ground, you know, there are faces here I have not seen before... shall we go hunting together when the work is done? I will show you what I can do!
사람은 역시 자기가 하고 싶은 일을 해야 한다니까. 그런 점에서 요즘은 정말 마음도 편안한 것이 사는 게 즐겁다고.	A person really should do the work they want to do. On that score I am quite at ease these days, and life is a pleasure.
프로레슬링을 본지가 언제였더라... 삶의 낙이 하나 줄어 버렸어. 에휴...	When did I last watch pro wrestling... one of life's pleasures gone. Ah well...
신속한 정보를 제공해 드리겠습니다. 무슨 용건으로 절 찾으셨나요?	I will give you prompt information. What brings you to me?
그 놈들은 달빛에 영향을 많이 받는다는 군요. 그래서 만월의 어둠속 에서는 평소보다 힘이 더 세지죠.	They are greatly affected by moonlight, I hear. So in the darkness of a full moon they are stronger than usual.
이곳으로 오고 나서 잃은 것이 너무나 많아요. 하지만 목숨을 걸고서라도 하고 싶은 일이 있다면, 한번쯤 도전해 보는 것도 그다지 어리석은 일은 아니라고 생각해요.	I have lost a great deal since coming here. But I think it is not so foolish to try something once, if it is something you want badly enough to stake your life on.
아담의 성지 주변에는... 위험한 놈들이 자주 나타납니다. 그곳을 먼저 쳐들어가야 합니다.	Dangerous creatures often appear around Adam's holy ground. We must strike there first.
상상 속의 이야기로만 생각했었거든요. 그래서 그들의 잔혹함과 감춰진 비밀들에 대해 더 연구해 보고 싶어지네요.	I always thought of it as a story out of the imagination. So it makes me want to research their cruelty and their hidden secrets further.
공성전은 동족간 팀 사이의 경쟁으로, 서로 소유의 성을 차지 하는 것이 목표 입니다. 전쟁 관련 사항 중 무슨 일로 오셨습니까?	A siege is a contest between teams of the same kind, the aim being to take each other's castle. What war business brings you here?
성을 차지하기 위해 공선전을 신청하고 싶습니다.	I would like to apply for a siege to take a castle.
종족 전쟁에 참가하고 싶습니다.	I would like to take part in the race war.
%(CastleOwner)인 %(CastleName)성 입니다. 입장하시겠습니까? ( 입장료 : %(EntranceFee) )	This is %(CastleName) Castle, held by %(CastleOwner). Will you enter? ( entrance fee: %(EntranceFee) )
예	Yes
아니오	No
오랜 시간 동안 축적된 성지의 마력이 나를 불러왔다.	The magic of this holy ground, gathered over long ages, called me here.
내가 곧 성지의 일부이고, 성지가 나의 일부이다. 이곳을 더럽히는 자는 누구도 용서하지 않겠다.	I am part of the holy ground, and the holy ground is part of me. I will forgive nobody who defiles this place.
나의 성에 속한 자들아, 이 날개 속에 들라. 그리하면 어떤한 마력도 너희들을 해하지 못하리라.	You who belong to my castle, come under these wings. Then no magic shall harm you.
성에 들어오고 싶다면, 나에게 속하거나 대가를 치러야 할 것이다.	If you wish to enter the castle, you must either belong to me or pay the price.
많은 이들이 묻더군. 내가 표범인지 새인지 말이야. 인간들은 자신의 카테고리 속에서 정의할 수 없는 것에 당황하곤 하지.	Many have asked whether I am a leopard or a bird. Humans are forever unsettled by what they cannot fit into their own categories.
인간만큼 편리한 눈을 가진 생물도 없을 거야. 보고 싶은 것만 봐도 좋은 생물이라니, 신기한 족속들이지.	No creature has eyes as convenient as a human's. To be free to see only what you wish to see, what a curious breed.
그대가 나에게 원하는 것은 무엇인가? 그대도 영원한 삶을 원하는가?	What is it you want of me? Do you too desire eternal life?
난 그대들 모두에게 영생을 줄 수는 없다. 오직 선택된 자만이 나의 힘을 부여 받을 수 있을 것이다.	I cannot grant eternal life to all of you. Only the chosen may be given my power.
만약 나의 힘을 원한다면, 성으로 오너라. 그대들에게 힘을 나누어 주겠다.	If you desire my power, come to the castle. I will share it with you.
영원한 삶을 원하는 자들, 그들은 무지한 자들이다. 자신들의 과욕으로 얻은 무한의 시간이 스스로를 파멸로 몰아가게 된다는 것을 알지 못한다니…	Those who desire eternal life are ignorant. That the endless time won by their own greed will drive them to ruin, they do not know...
다른 이에게 영생을 줄 수 있으나, 내 자신은 생은 영원하지 않다. 대 우주 속에서는 그저 찰나에 불과할 뿐이지.	I can give eternal life to others, yet my own life is not eternal. In the great universe it is no more than an instant.
이 성지 안에서 시간의 흐름은 힘이 되었다. 이곳의 모든 생물에게 깃든 강력한 마력은 오랜 시간 동안 그들이 살아가기 위한 의지의 결정체이다.	Within this holy ground the passing of time became power. The strong magic that dwells in every creature here is the crystallised will to live through long ages.
그대들 중 독에는 해독약이 있다고 생각 하는 자들도 있겠지만, 나의 독은 그런 것 따위는 존재하지 않는다는 걸 알아두어라.	Some of you may think there is an antidote to poison, but know that for mine no such thing exists.
나의 독은 강력하고, 서서히 중독된다. 지금은 완치되었다고 생각될 정도로 몸상태가 좋아지더라도, 머지않아 죽어가는 자신의 모습이 보일 것이다.	My poison is strong, and it takes hold slowly. However well you may feel, well enough to think yourself cured, before long you will see yourself dying.
이 독을 피하고 싶다면, 모두 나와 내 성에 소속된 자들에게 무릎을 꿇어야 할 것이다.	If you wish to escape this poison, you must all kneel to me and to those who belong to my castle.
그대들에게 소중한 것은 무엇인가? 그것을 위하여 목숨을 걸 각오는 되어 있는가?	What is precious to you? Are you prepared to stake your life for it?
인간들 중에서 소중한 것을 위하여 목숨을 건다는 것을 어리석다고 생각하는 이들도 있다. 하지만, 그럴 정도의 열정이라면 후회라는 것은 없지 않겠는가?	Some humans think it foolish to stake a life on what is precious to them. But with passion of that order, would there be any regret?
원하는 것이 있다면, 그것을 향한 어떠한 일이라도 시도해 보는 것이 좋을 것이다. 그렇지 않으면 '후회'라는 독이 그대의 심장에 퍼져나갈 테니 말이다.	If there is something you want, you had best try anything at all towards it. Otherwise the poison called regret will spread through your heart.
그대가 원한다면 어떠한 복수라도 대신 해 주겠다. 단, 그 복수에 따른 대가를 그대도 치르어야 한다는 것을 명심해 두어라.	If you wish it, I will take any revenge on your behalf. But bear in mind that you too must pay the price it demands.
이 성에 속한 자들은 모두 나의 보호 아래 있을 것이다. 함부로 그들에게 대항한다는 것은 나에 대한 도전으로 받아들이겠다.	All who belong to this castle are under my protection. To move against them carelessly I will take as a challenge to me.
성에 들어갈 시에 대가를 치른다는 것에 불만을 갖는 이도 있으나, 성 안에는 그만큼의 그대들이 누릴 수 있는 권리가 주어진다는 것을 알아야 한다.	Some resent paying a price to enter the castle, but know that inside it you are granted rights worth as much.
나의 힘의 근원은 이 성지이다. 오랜 시간 동안 축적된 마력들이 이 곳의 모든 생명체에게 영향을 주고 있다.	The source of my power is this holy ground. Magic gathered over long ages works upon every living thing here.
그대들도 성지의 힘을 받고 싶다면, 먼저 자신을 이길 수 있는 의지를 갖거라.	If you too wish to receive the holy ground's power, first find the will to overcome yourself.
세상에서 가장 어려운 일이 무엇이라고 생각하나. 그것은 자기 자신을 뛰어넘는 일이라는 것을 잊지 말아라.	What do you think is the hardest thing in the world? Never forget that it is surpassing yourself.
뭐라구? 이상한 사람? 암 있지, 있어. 요즘들어 이상한 옷을 입고 다니는 젊은이들이 많아졌어. 왜 불편하게 쇳덩이가 덕지 덕지 붙은 걸 입고 다니는건지. 유행인지 뭔지는 몰라도 정신나간 것들… 뭐, 그거 말구? 아… 그래, 그래… 그 이상한 사람들 말야… 드로베타 쪽이었던가, 아니야 림보성 남쪽이었던 것 같기도 하고…. 영 기억이 가물가물해서…. 아무튼 이상한 빛을 내는 지팡이를 가지고 있었는데, 비싸보이더라구. 헌데 말을 걸어도 아무런 대답도 안하는거야. 나는 괘씸해서 그냥 지나갔지. 그런데 나중에 생각해보니싸 사람이 아니었던 것 같아. 나 말고도 커피숍 여주인이 보았다고 하던 걸….	What was that? Strange people? Oh yes, there are. There are ever so many young folk going about in odd clothes these days. Why they wear things caked in bits of metal, uncomfortable as it must be. Fashion or whatever it is, they are out of their minds... what, not that? Ah... yes, yes... those strange people you mean... over towards Drobeta, was it, or south of Limbo Castle, perhaps... my memory is so hazy... anyway, they carried a staff giving off a strange light, and it looked expensive. But speak to them and they gave no answer at all. I took offence and simply walked on. Thinking about it afterwards, though, I do not believe they were people. The woman who runs the coffee shop said she saw them too...
알겠습니다, 할머니. 감사합니다.	Understood, grandmother. Thank you.
그려 그려…. 다 그런 것이지.	Yes, yes... that is how it goes.
우리 손주는 뭔가를 특이한 것을 좋아하는 것 같아.	My grandchild seems fond of unusual things.
나말고도 커피숍 여주인도 보았디야.	The woman at the coffee shop saw them too, not just me.
나이가 들면 자꾸 잊어버리게 되. 근데 어떨때는 오히려 도움이 되기도 하는 것 같아.	When you get old you keep forgetting things. Though sometimes it seems to help.
뭐라구? 아, 좀 크게 말혀봐.	What was that? Ah, speak up a bit.
땅에 혼통 배어있는 피 비린내는 언제쯤에나 없어지려나…	When will the stench of blood soaked into this ground ever go away...
이젠 아무 것도 보이지 않아. 무얼 바라고 살아야할지.	I can see nothing any more. What is there left to live for.
이곳의 밤은 공포가 무엇인지 알려주곤 한다우.	The nights here teach you what fear really is.
잉? 뭐라구? 잘 안들려.	Eh? What was that? I cannot hear you well.
뭐에요… 이곳은 우리 땅이에요. 당신들은 뭔데 우릴 더러 나가라는 거죠? 우린 절대 움직이지 않아요. 갈 것 같으면 예전에 벌써 떠났겠죠. 걱정따윈 그만둬요. 뱀파이어 같은 건 우리가 훨씬 오래전부터 보아왔으니까…	What is it... this is our land. Who are you, to tell us to leave? We are not moving. If we were going to, we would have gone long ago. Spare us your concern. We have been seeing vampires far longer than you have...
아니, 나는 단지 물어볼 것이 있어서 왔을 뿐이오. 저쪽의 할머니가 가보라고 하더군요.	No, I only came to ask something. The old woman over there told me to come.
이런, 이런… 상대하기가 무척 곤란한 사람이군.	Dear, dear... a very difficult person to deal with.
나는 당신과 할말이 없어요. 그만 가주세요	I have nothing to say to you. Please go.
흠… 그래요? 저번에 보았던 그 이상한 녀석들 때문인가 보군요. 헌데 내가 무엇 때문에 그런 걸 얘기해야한다는 거죠? 난 당신들이 아주~ 아주 아주 싫어요.	Hm... is that so? It must be about those strange creatures I saw. But why should I have to tell you about that? I dislike you people very, very much.
협조를 할 수 없다면 난 지금 당장 당신을 체포할 수도 있습니다.	If you will not cooperate, I could place you under arrest right now.
당신의 마음은 충분히 이해합니다. 하지만 그것은 당신들을 위한 조치였습니다.	I understand how you feel. But it was a measure taken for your own sake.
흥, 곧바로 본색을 드러내는 군요. 그런 식의 협박이 통할 거라 생각하나요? 그 정도에 쩔쩔맬 것 같으면 벌써 예전에 이 곳을 떴을 거에요.	Hah, showing your true colours straight away. Do you think threats like that will work? If that were enough to rattle me I would have left this place long ago.
좋아요, 좋아. 하지만 그놈들은 아주 위험한 존재일 가능성이 높습니다. 이곳에 예전처럼 돌아가길 바란다면 협조 좀 해주시지요	All right, all right. But those creatures are very likely dangerous. If you want things here to go back to how they were, do cooperate.
EVE를 너무 우습게 보시는군요. 우리는 이 나라에서 군사 활동에 방해가 되는 자를 즉각 구속할 권리를 가지고 있습니다.	You take E.V.E. far too lightly. We have the right to detain anyone in this country who obstructs military operations.
흥, 당신들은 우리들의 삶이 어떻게 되건 관심도 없잖아요. 우린 여기를 떠서는 더 이상 살 수가 없어요. 그런 식으로 뻔지르르한 말만 늘어놓으면서 말이에요. 저는 더 이상 당신과 할 얘기가 없어요. 돌아가주세요.	Hah, you have no interest whatsoever in what becomes of our lives. We cannot live anywhere but here. And all you do is string together fine-sounding words. I have nothing more to say to you. Please go.
예, 무슨 말인지는 알겠습니다. 하지만 생각이 바뀌거들랑 연락을 좀 취해주십시오.	Yes, I understand. But if you change your mind, do get in touch.
할 수 없군요. 제가 졌어요. 하지만 제발 우릴 이대로 그냥 놔둬줘요. 그게 조건이에요. 그럼 이야기하죠. 한 한달쯤 전이었을 거에요. 에슬라니아에서 남서쪽으로 20km정도 떨어진 곳이었죠. 한밤중이었지만 똑똑히 볼 수 있었어요. 이상한 빛을 띠고 있었으니까요. 키가 매우 큰 여자처럼 보였는데, 한눈에 인간이 아니라는 것을 알 수 있었어요. 그들은 매우 지친 듯 도움이 필요한 것 같았지만, 전 무서워서 차를 멈출 수 없었어요.	There is nothing for it. You win. But please just leave us as we are. That is my condition. Then I will tell you. It would have been about a month ago. Some 20 km south-west of Eslania. It was the middle of the night, but I could see clearly. They gave off a strange light. They looked like very tall women, and I could tell at a glance they were not human. They seemed exhausted, as if they needed help, but I was too frightened to stop the car.
그렇군요. 많은 도움이 되었습니다. 그리고 당신들의 권리에 대해서는 상부에 보고드리도록 하겠습니다.	I see. That was a great help. And I will report to my superiors on your rights.
당신이야말로 우리를 너무 우습게 보는 군요. 할 수 있다면 얼른 해보세요. 조금도 무섭지 않으니까…. 이 뱀파이어보다도 악독한 놈들 같으니라고….	It is you who takes us too lightly. Go ahead and do it if you can. I am not frightened in the least... more vicious than the vampires, the lot of you...
아…, 아니. 쳇 어쩔 수 없군. 잠시 생각할 시간을 주겠소. 우리한테 협조하는 편이 나을 것이오. 다시 한 번 생각해보시오.	Ah... no. Tch, there is nothing for it. I will give you a moment to think. It would be better for you to cooperate with us. Think it over once more.
이름은 묻지 마세요. 그저 커피숍 여주인으로 충분하답니다.	Do not ask my name. The woman who runs the coffee shop is quite enough.
당신들은 우리들을 이 나라에서 떠나게할 권리따윈 처음부터 가지고 있지도 않았어요.	You never had any right to make us leave this country in the first place.
괴물들의 기괴한 울음소리, 찢어지는 포탄소리 이젠 모두 지긋지긋해요.	The monsters' grotesque howling, the tearing sound of shells. I am sick of all of it.
흥, 뱀파이어나 슬레이어나 모두 똑 같은 것들이야.	Hah, vampires and slayers, they are all exactly the same.
그 키 큰 여자들의 정체는 무엇이었을까… 도와주었어야 했나…	What were those tall women... should I have helped them...
그 이상한 여자들… 이웃집의 할머니도 보았다고 하던데…	Those strange women... the old woman next door says she saw them too...
당신들은 늘 그런 식이군요. 이젠 좀 조용히 해줬으면 해요.	You are always like this. I would like a little quiet now.
이젠 점점 이상한 녀석들만 늘어가고 있는 것 같아.	It seems there are more and more strange creatures about.
반갑습니다. 카리사스님의 예언에 따라 저는 당신을 기다리고 있었죠. 저는 당신이 그렇게 찾아 헤매던 바로 아우스터즈라는 존재입니다. 하고 싶은 이야기가 많을 것으로 생각되는군요.	Well met. I have been waiting for you, as Carissas foretold. I am one of the Ousters, the very beings you have been searching for. You will have a great deal you want to ask, I imagine.
당신들에 대해 좀 더 자세히 알고 싶습니다.	I would like to know more about you.
제가 당신들을 위해 도와드릴 일은 없을까요?	Is there anything I can do to help you?
정령석을 모아왔습니다. 봐주십시오.	I have gathered the spirit stones. Please take a look.
아까 아우스터즈 퀘스트에 대한 보상을 받지 못했습니다.	I did not receive the reward for the Ousters quest earlier.
아우스터즈 퀘스트 임무가 제겐 벅차게 느껴지는군요.	The Ousters quest feels too much for me.
이젠 충분히 알겠습니다. 다음에 또 뵐 날이…	I understand well enough now. Until we meet again...
우리 선조들이 있었던 곳은 이곳보다 훨씬 북쪽인 라드키아 지방이었다고 합니다. 역사에는 기록되지 않았지만 500년전 그곳에서는 인간과 뱀파이어 사이의 참혹한 전쟁이 있었습니다. 그때 카리사스님에 의해 선조들이 태어났다고 하더군요. 전쟁이 끝난 후 몇 안되는 생존자들은 이곳으로 내려와 아담의 성지가 뱀파이어의 손에 들어가지 않도록 지키고 있었다고 합니다. 하지만 카리사스님이 돌아가시며 우리 마을도 함께 잠들어버렸던 거죠.	Our ancestors lived far to the north of here, in the land of Radkia. It is not in the histories, but five hundred years ago a terrible war between humans and vampires was fought there. Our ancestors were born then, by Carissas' hand. When the war ended, the few survivors came down here and kept Adam's holy ground from falling into vampire hands. But when Carissas passed away, our village fell asleep with her.
그랬었군요.	So that is how it was.
당신이 먼저 그렇게 이야기 해주시니 정말 고맙습니다. 그렇지 않아도 부탁드릴 일이 있습니다. 우린 어떤 종류의 정령석이 필요합니다. 그것은 잠들어있는 우리 종족을 되살릴 중요한 열쇠이지요. 제가 직접 그것을 하고 싶지만 저는 지금 이곳에서 당신과 이야기를 나누는 것만으로도 버겁습니다. 당신이 그것을 구해다 줄수 있겠습니까? 그렇게만 해주신다면 답례로 숨겨져 있는 13번째 피의 성서를 찾도록 도와드리지요.	I am truly grateful that you offered before I asked. As it happens, there is something I would ask of you. We need a certain kind of spirit stone. It is the key to waking our sleeping people. I would do it myself, but standing here talking with you is already almost more than I can manage. Could you find them for us? If you do, in return I will help you find the hidden thirteenth Blood Bible.
어렵지 않은 일이군요. 제가 도와드리도록 하겠습니다.	That is no great difficulty. I will help you.
쉬운 일이 아니군요. 잠시 생각할 시간을 주십시오.	That is no easy matter. Give me a moment to think.
먼저 부탁드렸던 일이나 우선적으로 해결해 주십시오. 이런 말씀드리기는 뭣하지만 아직 한 개도 구해오지 못하셨다니 실망스럽군요.	Please deal with what I asked you first. It pains me to say it, but it is disappointing that you have not found even one.
노력하고 있습니다. 열심히 하겠습니다.	I am trying. I will work hard at it.
가지고 계신 것은 정령석처럼 보이는데요, 그것이나 보여주셨으면 합니다.	What you are carrying looks like a spirit stone. I would rather you showed me that.
아, 그렇군요.	Ah, of course.
먼저 부탁드렸던 일 수고하신 것 잘 알고 있습니다. 보상부터 받으시고 다시 이야기 하도록 하시지요.	I know well what the earlier request cost you. Take your reward first and then we will talk again.
그렇게 하도록 하지요.	Let us do that.
정말 수고 많으셨습니다. 이제 정령석들을 보여주십시오. 이 중에 맞는 것이 있어야 할텐데요.	You have done very well. Now show me the spirit stones. Let us hope the right one is among them.
여기 있습니다. 받으십시오.	Here they are. Take them.
이걸로는 부족하지 않을까 싶군요. 좀 더 모아오도록 하겠습니다.	I fear this may not be enough. I will go and gather more.
어디 있다는 말씀이신지요…. 제 눈에는 보이지 않는 군요.	Where would that be... I see nothing.
하하, 그냥 해본 소리였습니다.	Ha ha, I was only saying it.
예? 무슨 보상을 말씀하시는 것인지….	What? What reward would that be...
예? 제가 무슨 부탁이라도 드렸었던가요?	What? Did I ask anything of you?
아닙니다. 제가 무언가를 잘못 생각했었나 봅니다.	No. I seem to have got something wrong.
쉽지 않은 부탁이었다는 것은 저도 잘 알고 있습니다. 무리한 부탁을 드렸군요. 하지만 저희 일족의 위해 다시 한 번만 생각해주십시오.	I know very well it was no easy request. I asked too much of you. But for the sake of our people, please think it over once more.
제 능력 밖의 일이라 도저히 어렵습니다. 다른 동료를 소개시켜 드리도록 하겠습니다.	It is beyond my ability; I simply cannot. I will find you another comrade instead.
너무 쉽게 생각했던 것 같습니다. 다시 한 번 도전해보도록 하지요.	I took it too lightly. Let me try once more.
무슨 말씀이신지요… 이미 휼륭하게 저희를 도와주시지 않았습니까?	What do you mean... have you not already helped us splendidly?
제가 지금 잠시 딴 생각을 했습니다. 말이 헛나와 버렸군요.	My mind was elsewhere for a moment. That came out wrong.
정말 감사합니다. 카리사스님의 예언이 틀리지 않았군요. 그분은 우리를 도와줄 영웅이 나타날 것이라고 하셨습니다. 정령석의 종류는 모두 10종입니다. 이중에 어떤 것이 진짜인지는 저도 알지 못합니다. 되도록 많은 종류의 정령석을 구해오실수록 좋습니다. 이것은 %(QuestMonsters)들이 가지고 있다고 합니다. 그럼 부탁드립니다.	Thank you truly. Carissas' prophecy was not mistaken. She said a hero would appear to help us. There are ten kinds of spirit stone in all. Even I do not know which of them is the true one. The more kinds you can find, the better. They are said to be held by the %(QuestMonsters). I leave it to you.
조금만 기다려주십시오. 최선을 다하겠습니다.	Wait a little. I will do my best.
바로 이겁니다. 이제 우리는 긴 잠에서 깨어나게 되었습니다. 모두 당신 덕분입니다. 먼저 이것이 우리가 당신에게 드리는 작은 선물부터 받아주십시오.	This is it. Now we can wake from our long sleep. It is all thanks to you. First, please accept this small gift from us.
이런 것을 바라고 한 일은 아니었지만, 감사히 받겠습니다.	I did not do it for anything like this, but I accept it gratefully.
노력하신 바는 잘 알고 있지만, 이 안에는 저희가 원하던 정령석이 없었습니다. 이로 인해 필요한 정령석의 종류도 바뀌어 버린 것 같습니다. 유감스럽게 되었군요.	I know what your efforts cost, but the spirit stone we wanted was not among these. It seems the kind we need has changed as a result. A great pity.
제 노력이 부족한 탓입니다.	The fault is in my own efforts.
반갑습니다. 카리사스님의 예언에 따라 저는 당신을 기다리고 있었죠. 저는 당신이 그렇게 찾아 헤매던 바로 아우스터즈라는 존재입니다. 저희는 우리의 윗세대들과는 달리 당신들에 대한 반감이 있을 이유가 없습니다. 그러니 안심하셔도 좋습니다. 하고 싶은 이야기가 있으면 어려워마시고 말씀해주십시오.	Well met. I have been waiting for you, as Carissas foretold. I am one of the Ousters, the very beings you have been searching for. Unlike the generations above us, we have no cause to bear you ill will. So you may be at ease. If there is anything you wish to ask, do not hesitate.
흠, 너희들은 대체 어떤 녀석들인거지?	Hm, what exactly are you lot?
내가 뭔가 도와줄만한 일이 있다면 얘기해도 좋아.	If there is anything I can help with, feel free to say so.
네가 말한 정령석을 가져왔어. 한번 봐주겠니?	I brought the spirit stones you spoke of. Will you take a look?
아까 아우스터즈 퀘스트에 대한 보상을 받지 못했거든.	I did not receive the reward for the Ousters quest earlier.
아우스터즈 퀘스트 임무가 내겐 무척 귀찮은 일이더군.	The Ousters quest turned out to be a real nuisance.
좋아, 좋아. 이젠 충분히 알 것 같아. 그럼 다음에…	Fine, fine. I think I understand well enough. Until next time...
그렇군. 그랬었던 것이로군.	I see. So that is how it was.
그래? 그렇다면 좋아. 기꺼이 도와주도록 하지.	Oh? In that case, fine. I will gladly help.
무척 귀찮은 일이로군. 잠깐 생각 좀 해보고….	A real nuisance. Let me think for a moment...
정말 감사합니다. 카리사스님의 예언이 틀리지 않았군요. 그분은 우리를 도와줄 고마운 분이 나타날 것이라고 하셨습니다. 정령석의 종류는 모두 10종입니다. 이중에 어떤 것이 진짜인지는 저도 알지 못합니다. 되도록 많은 종류의 정령석을 구해오실수록 좋습니다. 이것은 %(QuestMonsters) 들이 가지고 있다고 합니다. 그럼 부탁드립니다.	Thank you truly. Carissas' prophecy was not mistaken. She said someone kind would appear to help us. There are ten kinds of spirit stone in all. Even I do not know which of them is the true one. The more kinds you can find, the better. They are said to be held by the %(QuestMonsters). I leave it to you.
흥, 건방진 소리를 하는군. 조금만 기다려봐.	Hah, listen to your cheek. Wait a little.
아, 그랬던가.	Ah, was that so.
그렇게 하도록 하지.	Let us do that.
여기 이거면 충분하겠지?	This should be enough, no?
이걸로는 부족할 것 같아. 좀 더 모아오도록 하지.	This does not look like enough. I will gather some more.
뭐 그런 걸 바라고 한 일은 아니었지만, 일단 고맙게 받도록 하지.	I did not do it for anything like this, but I will take it gratefully.
쳇, 까다로운 일이군.	Tch, a fussy business.
어라? 오다가 모두 흘려버린 건가?	Eh? Did I drop them all on the way?
아니, 뭐…. 그냥 해본 소리야.	No, well... I was only saying it.
난 귀찮은 것은 딱 질색이야. 그만두고 싶군.	I cannot stand a nuisance. I want to drop it.
그런가…. 좋아, 한번 더 힘써보도록 하지.	Is that so... fine, I will put my back into it once more.
그렇군. 잠깐 딴 생각을 했었나봐.	I see. My mind must have been elsewhere.
아니, 아무 것도 아니야.	No, it is nothing.
저는 당신과 이야기할 수 없습니다. 하지만 언젠가는 다시 만날 것만 같다는 느낌이 드는군요.	I cannot speak with you. But I have a feeling we will meet again some day.
어서오시게나. 인간이 되겠다구? 자네가 가지고 있는 모든 것들을 버릴 자신이 있는가? 그 동안 마셔왔던 피도 비릿하게 느껴질 것이고, 자네의 몸에 있던 마법력들도 모두 사라지게 될게야. 그래도 하겠는가?	Welcome. You want to become human? Have you the resolve to cast off everything you hold? The blood you have been drinking will taste rank to you, and the magic in your body will vanish entirely. Even so, will you do it?
네. 저는 인간이 되고 싶습니다.	Yes. I want to become human.
당신이라면 '승직' 이란 것에 대해 알려 줄 수 있겠죠?	You could tell me about this thing called "advancement", I imagine?
승직 아이템을 교환해 줄 수 있습니까?	Could you exchange an advancement item for me?
아니오. 당신의 말을 듣고 나니 바뀐 삶은 살게 된다는 것이 두렵군요.	No. Hearing you speak, the thought of living a changed life frightens me.
인간이 된다면 이제부터는 적일세. 우리 종족에게서도 적일 것이며, 자네의 이런 속사정을 아는 몇몇도 역시 자네의 적이 되겠지. 이제부터 모두의 표적이 될 게야. 흠. 잘 생각해보고 결정을 내리게나.	Become human and from that moment you are the enemy. An enemy to our kind, and the few who know your circumstances will be your enemies too. From then on you are everyone's target. Hm. Think it over carefully before you decide.
그래도 인간이 되고 싶습니다.	Even so, I want to become human.
당신의 말을 듣고 보니, 그냥 이대로 있는 것이 낫겠군요.	Hearing you speak, it seems better to stay as I am.
음..그렇다면 주의할 점이 있네. 인간으로 변한다면 그리 쉽게 뱀파이어로 돌아올 수 없네. 자네가 일단 인간으로 돌아가면 뱀파이어에게 흡혈당해도 자네 몸에 남아있는 마법에 의해 분해되고 말 걸세. 그러니...	Hm... in that case there is something to note. Once you turn human, coming back to being a vampire will not be easy. Once you have returned to being human, even if a vampire drinks your blood the magic left in your body will break it down. So...
그래도 인간으로 돌아가고 싶습니다.	Even so, I want to return to being human.
그래.. 자네의 생각이 정 그렇다면 어쩔 수 없군. 인간으로 만들어주지.	Well... if that is truly your mind, there is nothing for it. I will make you human.
감사합니다.	Thank you.
음.. 그래. 자네의 생각이 옳은 걸게야. 그만 가보게나.	Hm... yes. Your thinking is probably right. Off you go.
알겠습니다. 그럼.. 이만	Understood. Until next time, then.
흠, 그랬었군. 자네들의 노력으로 많은 사실이 밝혀졌다네. 나는 예전부터 아우스터즈에 관한 전설을 연구하고 있었지. 그들이 부활한다면 아마 우리 일족에 좋은 일은 결코 아닐 것이야. 그들은 자연물이나 섬기는 미개한 일족에 불과하지만, 정령으로부터 무서운 힘을 끌어냈다고 전해지지.	Hm, so that is how it was. Your efforts have brought a great deal to light. I have long been studying the legends of the Ousters. If they were to return, it would certainly be no good thing for our kind. They are no more than a primitive people who worship nature, yet it is said they drew a fearsome power from the spirits.
혹시 행여나 그 놈들을 만나기라도 하거든 조심에 조심을 거듭하게. 그들이 가지고 있는 증오심은 인간들에 비할 바가 아니네. 하지만 나도 그들과 한번쯤은 이야기를 해보고 싶기도 해. 물론 어느 정도 목숨을 걸 각오라도 하지않고는 쉽지 않겠지. 자네의 용기라면 도전해볼 수 있을 것이라 생각하네. 헌데 재미있는 것은 그들이 인간도 그리 좋아하지 않는다는 사실이야.	Should you ever run into those creatures, take care upon care. The hatred they carry is nothing to what humans bear. And yet I too should like to speak with them just once. Not easily done, of course, without being prepared to stake your life to some degree. With your courage I think you could attempt it. What is amusing is that they are not so fond of humans either.
저도 그들은 한번 만나보고 싶어졌습니다.	I find I want to meet them too.
아우스터즈는 뱀파이어가 없이는 존재할 수 없는 생명체였지. 그러나 그들은 어떠한 계기에 의해 번식에 성공한 것으로 전해지고 있네. 그렇게 태어난 2세대 아우스터즈는 성별도 없지만, 저먼이라고 불리는 알 같은 것을 낳지. 흠... 그것을 알이라고 불러야할지 반쪽짜리 아기라고 불러야할지... 어쨌든 저먼을 낳아 다른 저먼과 붙여두면 아우스터즈의 아기가 된다고 들었네.	The Ousters were creatures that could not exist without the vampires. Yet somehow they are said to have succeeded in breeding. The second-generation Ousters born that way have no sex, but they lay something like eggs, called germen. Hm... whether to call it an egg or a half-formed infant... in any case, I hear that if you lay a germen and place it beside another, it becomes an Ouster child.
흠... 그들은 대한 이야기는 먼저 레베카에게 듣고 오는 것이 좋겠네. 내가 보기에는 바토리의 하잘 것 없는 시녀에 불과하지만 주워들은 건 좀 있는가보더군.	Hm... you had better hear about them from Rebecca first. To my eye she is no more than one of Bathory's insignificant handmaids, but she seems to have picked up a thing or two.
음… 그랬나? 그래… 과거 아우스터즈들에 의해 남겨진 유물에 대한 전설을 연구해본 결과 어떤 특정 지하동굴에 흩어져 있는 것 같아. 자네는 그들이 남긴 고대 문헌의 조각들을 하나로 모아 가지고 오면 되네. 그리 어렵지는 않은 일일꺼야. 해보겠나?	Hm... was it so? Yes... studying the legend of the relics the Ousters left behind, it seems they lie scattered through a certain underground cavern. You need only gather the fragments of the ancient texts they left and bring them back as one. It should not be so hard. Will you try?
그럼 %(QuestZone) (으)로 가보도록 하게. 그 안에서 뛰놀고 있는 몬스터들이 이미 차지해버렸을 지도 몰라. 모쪼록 행운을 비네.	Then make your way to %(QuestZone). The monsters romping about inside may already have taken it. Good luck to you.
그렇군. 그래, 자네들이 가져다준 고대 문헌들을 해독한 결과, 과거 그들이 살았던 마을의 위치가 표기된 지도가 있다는 것이 사실로 밝혀졌어. 아우스터즈들은 물론 그러한 지도가 남겨지는 것을 원치 않았지. 하지만 어떤 멍청한 인간 탐험가가 그것을 완성했었나봐. 그놈은 뭐 꽤나 고통스러운 죽음을 맞이한 것 같더군. 하지만 그 지도만은 어딘가에 남겨져 전해졌다는 것이 정설이지. 이 지도를 찾아올 수 있겠나?	I see. Yes, deciphering the ancient texts you brought us confirmed that a map exists marking the site of the village where they once lived. The Ousters did not want such a map left behind, of course. But some idiot of a human explorer seems to have completed it. He met a rather painful death, by the look of it. But the accepted account is that the map alone survived somewhere and was handed on. Can you find this map?
그 정도 일이라면 어렵지 않죠. 오히려 조금 실망스러운 정도인 걸요.	Something like that is hardly difficult. Rather a let-down, if anything.
뭐 그리 간단하지만은 않을거야. 그 지도가 지금은 어떤 강력한 힘을 가진 몬스터의 수중에 들어간 것으로 알려져 있으니까…. 하지만 그들은 매우 검은 빛을 띄고 있어서 찾아내기는 그리 어렵지 않을 걸세. 그럼 %(QuestZone) 부근의 검은 %(QuestMonster) 에게서 지도를 찾아 가져오도록 하게.	It will not be quite so simple. The map is known to have passed into the keeping of a monster of great power... but they are very black in colour, so finding them should not be too hard. Recover the map from the black %(QuestMonster) near %(QuestZone).
그래, 그래… 알았네. 일전의 지도에 따르면 드로베타 북서에서 연결되는 서쪽 길목이 아우스터즈의 마을로 통하는 입구였던 것으로 생각된다네. 자네는 빨리 그 쪽으로 날아가 조사를 해주었으면 좋겠군. 아우스터즈에 대한 최후의 비밀이 눈 앞이라네. 자네를 믿고 있겠네.	Yes, yes... very well. According to that map, the western pass connecting from north-west Drobeta is thought to have been the entrance to the Ousters' village. I would like you to fly there quickly and investigate. The last secret of the Ousters is right before us. I am counting on you.
나중에… 나중에 오도록 하게. 난 지금 바쁜 일이 있어서 말야. 아, 우선 레베카에게 가보는게 어떻겠나?	Later... come later. I have urgent business just now. Ah, why not go to Rebecca first?
레베카님 말씀이시군요. 알겠습니다.	You mean Lady Rebecca. Understood.
멍청한 소리. 하던 일이나 마저 하고 오도록 하게.	Foolish talk. Go and finish what you were doing first.
대단하군. 훌륭해. 하지만 먼저 보상 문제부터 확실히 한 후에 다음 임무에 임하는 것이 좋지 않겠나?	Remarkable. Splendid. But would it not be best to settle the reward before taking on the next task?
아, 그랬나? 그래, 그래…. 이렇게 빠른 시간내에 조각난 고대 문서를 완벽히 모아올 줄이야. 아무래도 내가 자네를 과소평가했나보군. 그럼 임무에 대한 보상을 받도록 하겠나, 아니면 다음 임무를 계속하도록 하겠나? 어느 쪽이건 상관없네. 그리 후회할 일은 생기지 않을 테니….	Ah, was it so? Yes, yes... to gather every fragment of the ancient text so quickly. It seems I underestimated you. So, will you take the reward for the task, or press on to the next one? Either suits me. Nothing you will come to regret either way...
저의 직감이 임무를 선택하라고 속삭이는군요.	My instinct whispers that I should choose the task.
오오오…. 이것이 그 말로만 들어왔던 아우스터즈의 고대 지도란 말인가. 그래…. 그들은 이곳에 숨어 있었단 말이지…. 지금까지 발견되지 않은 게 신기하군. 아, 이거 미안하네. 너무 빠져들어버려서 말이야…. 그래 보상을 해주어야겠지. 하지만 그 전에 먼저 부탁하고 싶은 일이 있네. 아우스터즈들이 있었던 위치까지 발견된 이상 자네도 그들을 계속 조사해보고 싶지 않나? 어떤가 보상을 받고 이대로 끝내도록 하겠나, 그전에 먼저 나의 부탁을 들어줄 수 있겠나?	Oh... oh... so this is the ancient Ouster map I have only ever heard of. Yes... so this is where they were hiding... it is a wonder it went undiscovered until now. Ah, forgive me. I was quite carried away... yes, you must have your reward. But before that there is something I would ask of you. Now that even the Ousters' location has been found, would you not want to go on investigating them? What do you say, take the reward and end it here, or hear my request first?
라르바님의 부탁인데 거절하는 것은 도리가 아니겠지요.	It would be improper to refuse a request from you, Larva.
무슨 보상을 말하는 건가? 이상한 녀석이로군.	What reward would that be? A strange fellow.
제가 지금 뭐라고 했었지요?	What did I just say?
지금 하고있는 일이나 제대로 마친 후에 다시 오게.	Come back once you have properly finished what you are doing.
그렇군요. 제가 요즘 정신이 없답니다.	So it is. My head is all over the place these days.
아, 그래, 그래…. 응? 뭐라고…? 임무를 포기하겠다고 했나? 설마 농담을 하고 있는 것이겠지.	Ah, yes, yes... hm? What was that? Did you say you were giving up the task? Surely you are joking.
전 지금 진지합니다. 도저히 힘듭니다.	I am quite serious. It is simply too much.
하하…, 라르바님께는 장난이 통하지 않는군요. 그저 해본 소리일 뿐입니다.	Ha ha... jokes do not work on you, Larva. I was only saying it.
내가 무슨 임무를 맡겼었다는 것인가.	What task am I supposed to have given you?
임무를 멋지게 완수했다는 사람이 무얼 포기하겠다는 건가? 무슨 소리인지 알 수가 없군.	The one who completed the task so splendidly now wants to give up what, exactly? I cannot make out what you are saying.
그냥 해본 소리였을 뿐입니다.	I was only saying it.
너무 많은 걸 알려줄 순 없네만…\n\t마스터들을 제외하곤 모든 뱀파이어들은 그 능력에 한계가 있어. 어차피 인간의 몸을 빌어 태어난 존재들이니 당연한 거지. 하지만 그 한계를 조금은 벗어날 수도 있어. 모든 일에는 계기가 있는 법이니만큼 그 한계를 벋어나는 데도 계기가 필요해. 그걸 찾는 것은 자네의 몫이네. 한계를 넘어서면 이제까지 묶여있던 제한에서 벗어나 능력이 상승하게 되고 더 강력한 마법과 기술의 습득도 가능할 테지. 물론, 마스터들은 별로 달갑게 여기지 않을 테지만 말이야… 크크크크	I cannot tell you too much, but...\n\tapart from the masters, every vampire has a limit to their ability. They were born borrowing a human body, so it is only natural. But that limit can be pushed back a little. Everything has its trigger, and pushing past that limit needs one too. Finding it is your part. Pass the limit and you break free of the restraints that bound you, your ability rises, and stronger magic and techniques become learnable. The masters will hardly welcome it, of course... heh heh heh heh.
그런 거였군요. 잘 알았습니다.	So that is how it works. Understood.
여기가 어디지? 왜 가도 가도 끝이 안보이는 거야?	Where is this? Why does it go on and on with no end in sight?
설마 저것이 말로만 듣던 림보성은 아니겠지…	Surely that is not the Limbo Castle everyone talks about...
…… 그냥 쥐가 지나가는 소리였나? 휴… 사람 놀라게 하는 군.	...... just a rat going past, was it? Phew... gave me a fright.
내가 멍청한 그 EVE 녀석들의 물건을 좀 슬쩍했다고 해서 잡으러 오지는 않겠지.	They would hardly come after me just for lifting a few things off those idiots at E.V.E.
그 키 큰 여자들의 정체는 무엇이었을까… 어쩌면 괜찮은 껀수였을지도 모르는데 말야.	What were those tall women... could have been a decent score, that.
그 이상한 여자들… 생선가게 주인도 봤다고 하니, 내가 헛것을 본 건 아닌게 분명해.	Those strange women... the fishmonger says he saw them too, so I clearly was not imagining it.
뭐 이젠 아무래도 좋아. 어차피 언젠간 누구나 죽기 마련인데…	Well, it hardly matters now. Everyone dies sooner or later anyway...
창피한 놈들… 색깔만 다르지 죄다 똑같은 옷만 입고 다니는구나…	Shameful lot... all in the same clothes, only the colours differ...
아, 제… 제발… 목숨만 살려주세요. 전 단지 길을 잃었을 뿐이에요. 전 뱀파이어 따윈 되고 싶지 않아요. 아니… 아니 그러니까 뱀파이어 따위가 아니라… 전 아직 아무런 마음의 준비도 되어 있지 않다구요. 제발 절 가만히 놔둬주세요.	Ah, p... please... spare my life. I only lost my way. I do not want to be a vampire. No... no, I mean, not that vampires are... I am simply not ready for any of this. Please just leave me alone.
그저 내 질문에 대답하기만 하면 되는 거야. 사내 자식이 눈물을 보이다니….	All you have to do is answer my questions. A grown man, in tears...
이런, 이런… 상종하기 싫은 녀석이군.	Dear, dear... not someone I care to deal with.
물어보고 싶은 것이 뭐죠? 혹시 그때의 이상한 여자들 때문인가요? 아뇨, 아뇨… 죄송해요. 전 아무것도 본 것이 없어요. 제발 절 놓아주세요.	What is it you want to ask? Is it about those strange women that time? No, no... I am sorry. I saw nothing at all. Please let me go.
멍청한 녀석 조용히 하지 못해? 죽고 싶지 않으면 닥치고 묻는 말이나 잘 들어.	Be quiet, you idiot. If you do not want to die, shut up and listen to what I ask.
난 널 해치려는 것이 아니야. 지저분한 네피 따윈 먹고 싶지도 않아. 가만이 질문에 대답이나 해	I am not going to harm you. I have no appetite for filthy blood like yours. Just stand still and answer the question.
얘기했잖아요. 전 뱀파이어가 되고 싶지 않다구요.…앗, 저기 림보성에 불길이 솟아오르고 있어요!!	I told you. I do not want to be a vampire... ah, look, there are flames going up over Limbo Castle!!
뭐, 어디? …이런 속아버렸군. 다음에 잡히기만 해봐라 가만두지 않을 테니….	What, where? ...damn, taken in. Just let me catch you again and I will not let it pass...
뱀파이어가 되고 싶냐고 물으시려는 것이지요? 아뇨, 전 싫어요. 괜찮다구요. 이제 가도 괜찮은 거죠?	You mean to ask whether I want to be a vampire, do you not? No, I do not. I am fine. May I go now?
참내, 정신차리라구…. 난 네가 보았다는 그 여자들에 대한 이야기를 듣고 싶어. 단지 그것뿐이야. 난 지금 충분히 배가 부르다고….	Honestly, pull yourself together... I want to hear about those women you say you saw. That is all. I am quite full enough as it is...
아니, 내가 묻고 싶은 것은 그게 아니야. 내말을 똑똑히 들어보라구.	No, that is not what I want to ask. Listen to me carefully.
정말이지요? 약속해주시는 거죠? 좋아요. 그럼 이야기하죠. 한 한달쯤 전이었을 거에요. 에슬라니아에서 남서쪽으로 20km정도 떨어진 곳이었어요. 한밤중이었지만 똑똑히 볼 수 있었어요. 이상한 빛을 띠고 있었으니까요. 키가 매우 큰 여자처럼 보였는데, 한눈에 인간이 아니라는 것을 알 수 있었어요. 그들은 매우 지친 듯 도움이 필요한 것 같았지만, 전 무서워서 오토바이를 멈출 수 없었어요.	Really? You promise? All right. Then I will tell you. It would have been about a month ago. Some 20 km south-west of Eslania. It was the middle of the night, but I could see clearly. They gave off a strange light. They looked like very tall women, and I could tell at a glance they were not human. They seemed exhausted, as if they needed help, but I was too frightened to stop the bike.
그렇군. 겁쟁이 녀석이 멈췄을리가 없지. 좋아, 가봐도 좋아.	I see. No chance a coward like you would have stopped. Fine, off you go.
나, 난 몰라요. 아무 것도 모른다구요…. 그럼… 안녕히 계세요!!	I, I do not know. I know nothing at all... well then... goodbye!!
거기 서!! 아이쿠, 이런…. 놓쳐버린 건가? 달아나는 것은 정말 빠른 놈이군.	Stop right there!! Oh, damn... got away, did he? Quick enough when he runs, that one.
저… 저는 당신과 할말이 없어요. 으아아아아…	I... I have nothing to say to you. Aaaaargh...
생선 냄새가 그래도 피비린내보다는 훨씬 났지.	The smell of fish is still a great deal better than the stench of blood.
난 생선 말고도 거래하는 것들이 많아. 물론 법 앞에 내세울 만한 것은 못되지만…	I deal in more than fish. Nothing you could put before the law, of course...
그 건달 자식도 보았다니… 그 여자들 대체 뭐였던거지?	That thug says he saw them too... what on earth were those women?
난 뱀파이어 따윈 무섭지 않아. 벌써 거래를 하며 지내는 친구들도 있을 정도지.	I am not afraid of vampires. I even have a few friends I do business with.
그 무엇도 날 두렵게 할 순 없어.	Nothing can frighten me.
어지간한 몬스터도 이 묵직한 식칼이면 단방에 목이 달아날테지…	This heavy cleaver would take the head off most monsters in one go...
그나저나 점점 장사하기가 힘들어지고 있단 말이야.	Trade is getting harder and harder all the same.
빌어먹을… 저 성안에 한번 들어갈 수만 있다면 한 밑천 톡톡히 벌어볼텐데…	Damn it... if I could just get inside that castle once, I would make a real fortune...
난 뱀파이어 따윈 무섭지않아. 저리 꺼지라구. 요즘 들어 이상한 녀석들을 왜 이렇게 많아 보는 거지? 얼마전의 이상한 여자들도 그렇구말야. 뭐? 그 사람들 이야기를 듣고 싶은 거야? 뭐 어렵지는 않지. 그래, 내가 그날 본 게 말이야. 드로베타 쪽이었던가, 아니야 림보성 남쪽이었던 것 같기도 하고…. 뭐 대강 그 정도였어. 아무튼 이상한 빛을 내는 지팡이를 가지고 있었는데, 꽤 돈 좀 될 것 같다러구. 헌데 말을 걸어도 아무런 대답도 안하는거야. 시건방져 보였지만 그냥 지나쳤지. 그런데 나중에 생각해보니까 사람이 아니었던 것 같아. 나 말고도 건달 녀석이 봤다고 하던데…	I am not afraid of vampires. Clear off. Why am I seeing so many strange creatures lately? Those odd women a while back, for one. What? You want to hear about them? That is easy enough. Right, what I saw that day. Over towards Drobeta, was it, or south of Limbo Castle, perhaps... somewhere thereabouts. Anyway, they carried a staff giving off a strange light, and it looked like it would fetch a fair bit. But speak to them and they gave no answer at all. Insolent, I thought, but I walked on. Thinking about it afterwards, though, I do not believe they were people. That thug says he saw them too, not just me...
시건방진 녀석, 생선 냄새 때문에 피를 빨고 싶지도 않아 놓아준다. 제길…	Insolent wretch. The stink of fish puts me off your blood, so I will let you go. Damn...
말 시키지마. 귀찮으니까. 네 놈따윈 조금도 무섭지 않아.	Do not talk to me. It is a nuisance. You do not frighten me in the least.
생명과 선의 근원이신 지혜의 주는, 지혜롭고 의로운 자들에게 참된 지도자만이 아는 최고의 가르침을 주십니다. 그대여, 지혜와 순결한 생각을 통해서만 당신은 주의 사람이 될 수 있습니다. 빛은 스스로 찾는 자에게만 보인답니다. 제가 그곳까지 갈수 있도록 언제나 당신의 인도자가 되겠습니다. 당신을 어떻게 도와 드릴 수 있을까요?	The Lord of Wisdom, the source of life and goodness, grants to the wise and the righteous the highest teaching, known only to true leaders. You may become one of the Lord's people only through wisdom and purity of thought. The light is seen only by those who seek it themselves. I will always be your guide until you reach it. How may I help you?
레어 마스터에 대하여 알고 싶습니다.	I would like to know about the lair masters.
스킬 레벨을 조정하고 싶습니다.	I would like to adjust my skill levels.
인도의 날개를 가져왔습니다.	I have brought the wing of guidance.
이만 물러가 보겠습니다. 언제나 평온하시길.	I will withdraw. Peace be with you always.
우리는 분명 악을 섬기는 악의 무리가 과거에 행한 일과 미래에 행할 일들을 잘 알고 있습니다. 따라서 우리들이 그들의 행위를 심판할 것이기에, 지금 움직여야 하는 때가 왔습니다. 뱀파이어 마스터인 바토리와 테페즈가 자신들의 욕심을 위해 다시 악행을 시작했습니다. 그들은 자신의 힘을 조절하기 위하여 마력이 깃든 보석의 힘을 이용합니다. 각 마스터들은 그 보석들로 만든 목걸이를 갖고 있는데, 그걸 서로 차지하기 위해서 서로의 목숨까지 위협하며 부질 없는 혈투를 벌이고 있습니다.	We know well what the hosts of evil, who serve evil, have done in the past and will do in the future. It falls to us to judge their deeds, and the time to act has come. The vampire masters Bathory and Tepes have begun their evil work again for their own greed. They use the power of jewels imbued with magic to control their own strength. Each master carries a necklace made of those jewels, and over these they wage a futile blood feud, threatening even each other's lives.
더 상세한 이야기를 듣고 싶습니다.	I would like to hear more.
잘 들었습니다. 이야기 감사합니다.	I have heard you well. Thank you for telling me.
그들의 목걸이는 펜던트 부분과 비쥬들로 이루어져 있습니다. 각각의 보석들이 큰 마력을 갖고 있으나, 펜던트야말로 마력의 정수라고 할 수 있지요. 그 목걸이 자체로도 대단히 진귀한 마석들이지만, 우리가 뱀파이어들에게 대항하는 힘을 키우는 중요한 일에 사용 될 수도 있습니다. 그들의 힘의 근원에 대하여 밝힐 수 있을지 모르니 말입니다.	Their necklaces are made up of a pendant and bijous. Each of the jewels holds great magical force, but the pendant is the very essence of it. The necklace is a rare magic stone in itself, but it could also serve in the important work of building our strength against the vampires. It may reveal the source of their power.
예. 항상 기억해 두겠습니다. 이만 가보겠습니다.	Yes. I will always remember it. I will be on my way.
만약 누군가에게 그 목걸이가 있다면 매우 값진 아이템들과 바꾸어 드려야겠죠. 물론 목걸이의 펜던트인가 비쥬인가에 따라 아이템의 가치는 달라지겠지만 말입니다.	If anyone were to have such a necklace, we would have to trade them very valuable items for it. The value will differ, of course, depending on whether it is the pendant or a bijou.
제 펜던트를 아이템으로 교환하고 싶습니다.	I would like to trade my pendant for an item.
제 비쥬를 아이템으로 교환하고 싶습니다.	I would like to trade my bijou for an item.
긴 시간 동안 이야기 해주셔서 감사합니다.	Thank you for speaking with me so long.
그의 안에 생겨난 것은 생명이었으니, 그 생명은 모든 사람의 빛이었다.	What came to be in him was life, and that life was the light of all people.
그 빛이 어둠 속에서 비치니. 어둠이 그 빛을 이기지 못하였다.	The light shines in the darkness, and the darkness has not overcome it.
그대들이 원한다면 더 많은 가르침을 드리겠습니다. 항상 저를 믿고 함께 해 주십시오.	If you wish it, I will give you more teaching. Trust me and stay with me always.
제 영혼의 명은 '카리사스' 입니다. 현재 라비니아님의 육신을 빌리고 있습니다.	The name of my soul is "Carissas". At present I am borrowing Lavinia's body.
라비니아, 그녀에게 항상 고맙고, 또 미안하군요.	Lavinia. I am always grateful to her, and always sorry.
스킬 레벨을 조정하고 싶다면 도움을 드리도록 할테니 어려워 마십시오.	If you wish to adjust your skill levels, I will help you, so do not hesitate.
카스탈로 밖에 쳐진 결계는 일족의 목숨과도 같은 것입니다. 여러분들의 지혜가 필요합니다.	The barrier raised beyond Castalo is as good as the life of our people. We need your wisdom.
일족의 미래는 여러분의 손에 달려있습니다. 부디 저에게 힘을 빌려주십시오.	Our people's future rests in your hands. Please lend me your strength.
당신은 현재 습득한 마법의 힘을 다른 쪽으로 돌리고 싶어하는 군요. 알겠습니다. 제가 작은 도움이 될 수 있을 것 같습니다. 하지만 이를 악용하려는 사심을 가진 사람들도 있기에 저는 그에 상응하는 대가를 요구하고 있습니다. 그럼 스킬 레벨을 조정하도록 하겠습니까?	You wish to turn the magical power you have acquired in another direction. Understood. I think I can be of some small help. But there are those who would abuse this for their own ends, so I ask a price to match. Shall we adjust your skill levels, then?
예, 부탁드립니다.	Yes, please.
죄송합니다. 충분한 대가를 지불하지 못할 것 같습니다.	Forgive me. I do not think I can pay the price.
당신이 우리의 소중한 결계를 지키고 싶어하는 마음은 충분히 알겠습니다. 하지만 힘과 용기만으로는 해낼 수 없는 일도 있습니다. 당신의 지혜를 시험하기위한 가벼운 테스트를 거쳐봐도 좋을지 모르겠네요.	I understand well your wish to protect our precious barrier. But there are things that strength and courage alone cannot achieve. Perhaps we had better put you through a light test of your wisdom.
길게 설명할 시간이 없습니다. 사악한 무리들이 우리의 소중한 보금자리를 해하려 하고 있습니다. 우리는 마력을 감지할 펜듀럼이 급히 필요합니다. 그러나 이를 사용하기 위해서는 특수한 광물로 만든 다우징이 있어야하지요. 이 광물 조각 10개를 찾아올 수 있습니까??	There is no time for a long explanation. A wicked host means to harm our precious home. We urgently need a pendulum to sense magical force. But to use it we must have a dowsing rod made of a particular mineral. Can you find ten fragments of this mineral?
쉬운 일은 아니군요. 생각해보겠습니다.	That is no easy matter. I will think it over.
%(QuestZone)에서 %(Target) 8개를 찾아다 주십시오.	Please find 8 %(Target) at %(QuestZone).
여러분들의 수고로 광물조각은 충분히 마련할 수 있었습니다. 하지만 이를 정제하기 위해서는 리피니움이라는 물질이 필요하다는 군요. 이는 카스탈로 북동쪽의 어떤 탄광에서만 구할 수 있다고 합니다. 이곳은 보이지 않는 벽과 트랩으로 침입자를 막고 있다고하니 각별히 주의를 기울이시기 바랍니다. 어떻습니까?	Thanks to all of you we have mineral fragments enough. But refining them requires a substance called refinium. It is said to be obtainable only from a certain mine to the north-east of Castalo. The place is guarded against intruders by invisible walls and traps, so please take particular care. Well?
펜듀럼과 다우징을 이용하여 조사한 결과 결계를 지킬 열쇠가 담긴 마도서는 행방을 알아낼 점토인형의 위치를 알 수 있게 되었습니다. 이 점토인형은 조각난 채 에슬라니아 각 지역에 널리 퍼져 있다고 합니다. 조각난 점토인형을 모두 모아 맞춰올 수 있겠습니까?	Our survey with the pendulum and the dowsing rod has located the clay figure that will reveal where the grimoire holding the key to protecting the barrier lies. The clay figure is said to be broken into pieces scattered across the regions of Eslania. Can you gather every fragment and put it back together?
%(QuestZone)에서 조각난 점토인형을 모두 모아 맞춰 오십시오.	Gather every fragment of the clay figure at %(QuestZone) and put it back together.
다행히도 마도서를 찾는 데는 성공했습니다. 하지만 이를 해석하기 위해서 5종의 마석을 찾아 코드표를 완성하여야 합니다. 올바른 코드표를 완성하려면 마석에 새겨진 스펠을 조합하여야 하며, 상하좌우로 인근한 마석의 스펠을 피해 끼워넣기만 하면 된다고 합니다. 코드표를 잘 살펴보면 직관적으로 알 수 있을 것이라 생각됩니다. 우리 일족의 안녕을 위해 마지막까지 힘을 다해주시기 바랍니다. 어떻습니까? 괜찮다면 코드표를 받아주십시오.	Fortunately we succeeded in finding the grimoire. But to read it we must find five kinds of magic stone and complete a code table. To complete the table correctly you must combine the spells inscribed on the stones, fitting them in so as to avoid the spells of the stones adjacent above, below, left and right. Study the table and I think it will be plain enough. Please give everything you have, to the very end, for the wellbeing of our people. Well? If you are willing, take the code table.
수행 중인 임무는 어떻게 하시려는 겁니까…. 일족의 사활이 달려있습니다.	What do you mean to do about the task in progress... our people's survival depends on it.
임무를 무사히 수행하신 것 같군요. 그렇다면 그에 따른 보상 문제부터 확실히 한 후에 다음 임무를 맡는 것이 어떻겠습니까?	It seems you carried out the task safely. In that case, why not settle the reward for it before taking on the next one?
말씀에 따르도록 하겠습니다.	I will do as you say.
훌륭합니다. 제가 미처 현자를 알아보지 못했군요. 하지만 테스트를 받았다고 해서 임무를 수행할 필요까지는 없습니다. 테스트에 응한 것만으로도 당신은 보상을 받을 자격이 충분합니다. 정식 임무의 수행은 어디까지나 당신의 선택에 달려있습니다. 그럼 보상을 받겠습니까, 아니면 정식 임무를 수행토록 하겠습니까?	Splendid. I failed to recognise a sage. But taking the test does not oblige you to carry out the task. Sitting the test alone makes you fully deserving of a reward. Taking on the formal task is entirely your choice. So, will you take the reward, or carry out the formal task?
아니, 이것이 그 광물 조각이란 말입니까? 정말 수고 많았습니다. 그럼 다음 임무도 수행하실 수 있겠지요. 이번에도 마찬가지로 임무를 꼭 수행할 필요는 없습니다. 이번 임무를 해낸 것만으로도 보상을 받을 자격은 충분합니다. 다음 임무는 보다 더 위험하고 어렵겠지요. 이는 어디까지나 당신의 선택에 달려있습니다. 그럼 보상을 받겠습니까, 아니면 다음 임무를 수행토록 하겠습니까? 부디 일족을 미래를 생각해 주십시오.	Why, is this the mineral fragment? Well done indeed. So you can carry out the next task as well, I take it. As before, you are not obliged to. Completing this task alone makes you fully deserving of a reward. The next task will be more dangerous and more difficult. It is entirely your choice. So, will you take the reward, or carry out the next task? Please think of our people's future.
저는 이미 일족을 위하여 모든 것을 바칠 각오가 되어 있습니다.	I am already resolved to give everything for our people.
대단하군요. 놀랍습니다. 정말 수고 많았습니다. 그럼 다음 임무도 수행하실 수 있겠지요. 이번에도 마찬가지로 임무를 꼭 수행할 필요는 없습니다. 이번 임무를 해낸 것만으로도 보상을 받을 자격은 충분합니다. 다음 임무는 보다 더 위험하고 어렵겠지요. 이는 어디까지나 당신의 선택에 달려있습니다. 그럼 보상을 받겠습니까, 아니면 다음 임무를 수행토록 하겠습니까? 부디 일족을 미래를 생각해 주십시오.	Remarkable. Astonishing. Well done indeed. So you can carry out the next task as well, I take it. As before, you are not obliged to. Completing this task alone makes you fully deserving of a reward. The next task will be more dangerous and more difficult. It is entirely your choice. So, will you take the reward, or carry out the next task? Please think of our people's future.
벌써 코드표를 완성했단 말입니까? 놀랍습니다. 당신이 일족들을 위하여 이룬 업적에 대한 보상은 결코 섭섭치 않게 내려질 것이라 장담합니다. 이로써 우리는 안심하고 결계를 보호할 수 있을 것 같습니다. 당신은 정말이지 일족을 구원한 영웅이라고 불리워도 과찬이 아닐 것입니다.	You have completed the code table already? Astonishing. I promise the reward for what you have achieved for our people will be nothing short of generous. With this we should be able to protect the barrier with an easy mind. It would be no exaggeration at all to call you the hero who saved our people.
당연한 일을 했을 뿐입니다.	I only did what anyone would.
보상을 바라고 하시는 일이 아니라고 생각했는데 섭섭합니다. 게다가 임무도 완수하지 못하고 말이지요.	I did not think you were doing this for a reward. This is disappointing. And you have not even completed the task.
정말 힘들다고 하신다면 어쩔 수 없군요. 하지만 이로써 일족의 미래는 한층 더 어두워졌습니다. 정말 그만 두시려는 겁니까?	If you truly say it is too hard, there is nothing for it. But our people's future has grown darker for it. Do you really mean to stop?
제겐 좀 더 준비가 필요합니다. 나중에 반드시다시 도전하겠습니다.	I need more preparation. I will certainly try again later.
아닙니다. 잠시 생각을 잘못 했을 뿐입다.	No. I was simply thinking wrongly for a moment.
너무 힘겹습니다. 이전 퀘스트에 대한 보상을 받고 싶습니다.	It is too much for me. I would like the reward for the previous quest.
아닙니다. 잠시 생각을 잘못 했을 뿐입니다.	No. I was simply thinking wrongly for a moment.
그렇게까지 말씀하신다면 어쩔 수 없군요. 하지만 저를 봐서라도 다시 한번 더 생각해보는 것이 어떻겠습니까?	If you go so far as to say that, there is nothing for it. But for my sake, why not think it over once more?
제가 당신에게 임무를 맡겼었습니까?	Did I assign you a task?
예? 이미 훌륭하게 임무를 완수하지시 않았습니까. 어서 보상이나 받으시도록 하십시오.	What? Have you not already completed the task splendidly? Go and take your reward.
아, 그랬던가요.	Ah, was that so.
오, 불이여, 셀라임의 아들이여, 저 비록 하찮은 존재이나 지금부터 영원토록 당신의 거룩한 빛과 당신의 온전한 행복과 복이 넘치는 곳에 거하게 하소서. 내 영혼에 합당한 보답과 아름다운 명성과 영원한 기쁨을 얻게 하소서.안녕하세요. 당신의 물건을 책임 질 아마타라고 합니다. 무엇을 도와드릴까요?	O fire, son of Selaim, though I am a lowly thing, let me dwell from now and forever in your holy light, in your perfect happiness and abundant blessing. Let my soul win a fitting reward, a fair name and everlasting joy. Hello. I am Amata, and I will take charge of your belongings. How may I help you?
보관된 제 물건을 보고 싶습니다.	I would like to see the things I have stored.
제게 필요한 악세서리를 보고 싶습니다.	I would like to see the accessories I need.
제 물건을 팔고 싶습니다.	I would like to sell my things.
픽시(펫) 퀘스트 때문에 왔습니다.	I have come about the Pixie (pet) quest.
몬스터 사냥 퀘스트가 무엇인가요?	What is the monster hunting quest?
몬스터 사냥 퀘스트를 완료 했습니다. 보상을 바랍니다.	I have completed the monster hunting quest. I would like my reward.
너무 어렵군요. 중도에 포기하겠습니다.	This is too hard. I will give up part way.
그럼 이만 돌아가 보겠습니다.	I will be on my way, then.
네메세-테 아타르슈 세라이뮤 후다오 마지슈타 야지타	Nemese-te atarsh Seraimu hudao majishta yajita
'셀라임의 불이여, 자비가 넘치는 가장 위대한 영혼의 보호자여.'라는 뜻이에요.	It means: "O fire of Selaim, most great protector of souls, overflowing with mercy."
제 기억력이 그다지 좋지 못해서요. 만약 부탁하신 일이 있으시다면, 자주 제게 다시 물어봐주세요.	My memory is not very good, I am afraid. If there is something you asked of me, do ask me again often.
그대가 얻기 원하는 행복은 그대 정신의 불과 의를 통해서만 주어지리라.	The happiness you seek will be given only through the fire and righteousness of your spirit.
전 그저 불의 정령 '셀라임'님의 뜻을 전하는 연결자에 지나지 안아요. 많이 부족하지만 너그럽게 지켜봐주세요.	I am no more than a conduit for the will of Selaim, the spirit of fire. I fall far short, but please bear with me kindly.
픽시는 항상 여러분 곁에 있습니다. 다만 이들의 도움을 받기 위해서는 강한 믿음이 수반되어야 하지요. 제가 틀리지 않았다면 당신 역시 확고한 믿음을 가졌으리라 생각되는군요.	Pixies are always beside you. But to receive their help you must bring strong faith with you. If I am not mistaken, I believe you too hold a firm faith.
픽시(펫) 퀘스트가 무엇입니까?	What is the Pixie (pet) quest?
픽시 퀘스트를 완료하였습니다. 보상은?	I have completed the Pixie quest. My reward?
수행 레벨에 도달하신걸 축하 드립니다. 아시다시피 픽시는 우리들을 도와주는 여러 정령들 중에서 가장 겁이 많은 정령들입니다. 성지를 피로 물들이는 녀석들을 혼내주는 데는 가장 큰 도움이 되지만 위험한 상황에서는 한없이 작아지곤 하지요. 이들은 자신의 주인이 될 당신을 확신하고 싶어합니다. 당신을 절대적으로 믿을 수 있다면 아주 좋은 친구가 될 것입니다. 당신의 능력을 보여줄 수 있습니까? %(MonsterName) 이 당신의 레벨에 적당하군요. 제한시간 1시간 동안 80마리를 잡아 오시면 확신을 가질 수 있을 것입니다. 당신의 능력을 보여주세요.	Congratulations on reaching the required level. As you know, of all the spirits who help us the pixies are the most timid. They are the greatest help in punishing those who stain the holy ground with blood, but in danger they shrink away to nothing. They want to be sure of you, who would be their master. If they can trust you absolutely, they will make very good friends. Can you show them your ability? %(MonsterName) suits your level. Bring down 80 of them within one hour and they will be sure of you. Show them what you can do.
수행하겠습니다.	I will do it.
아니오 나중에 다시 오겠습니다.	No, I will come back later.
예, 저한테는 너무 벅차군요.	Yes, it is too much for me.
생각이 바뀌었습니다. 다시 해볼게요.	I have changed my mind. I will try again.
이상하군요. 퀘스트 신청 명단에 당신의 이름이 없군요	How strange. Your name is not on the list of quest applicants.
어쩔 수 없군요. 나중에 언제든 다시 한번 도전해보세요	There is nothing for it. Come and try again whenever you like.
바람의 실피드여, 당신의 거룩한 계획을 내게 알리사 내가 진리를 깨닫게 하시고, 나의 영을 사로잡은 이 가르침이 온 세상에 드러내게 하소서. 치유능력이 있는 리파티 라고 합니다. 곤란한 상처가 있으시다면, 저를 찾아 주세요. 제가 치료할 수 있는 것이라면 도와드리겠습니다.	Sylphid of the wind, make your holy design known to me, that I may grasp the truth, and let this teaching that has taken hold of my spirit be revealed to all the world. I am Ripati, and I have the power to heal. If you have a troublesome wound, come to me. If it is something I can treat, I will help.
다친 상처를 치유하고 싶습니다.	I would like my wound healed.
소환석이나 회복 아이템 등을 구입하고 싶습니다.	I would like to buy summoning stones and recovery items.
칼리고 던전(레벨별 전쟁존)으로 이동하고 싶습니다.	I would like to go to the Caligo Dungeon (the level-based war zone).
항상 수고가 많으시군요. 이만 돌아가 보겠습니다.	You work hard as always. I will be on my way.
우리는 생각, 가르침, 뜻, 신념, 언어, 내면의 모습 등 그 어느것도 일치하는 것이 없고, 서로 완전히 분리된 존재들입니다.	In thought, teaching, will, belief, language and inner form, we have nothing in common; we are wholly separate beings.
육체에 입은 물리적 상처는 쉽게 치료할 수 있습니다. 하지만 영혼에 입은 상처는 쉽사리 치료 되지 않죠.	A physical wound to the body is easily treated. But a wound to the soul does not heal so readily.
제가 할 수 있는 일은 육신에 입은 상처를 치료하는 것뿐입니다.	All I can do is treat wounds to the flesh.
자신의 사소한 행동 하나에도 영혼의 상처를 받는 사람이 있다는 걸 기억하세요.	Remember that there are people who take a wound to the soul from even the smallest thing you do.
정령족과의 혼혈이라는 이유로 힘들게 자라왔지만, 결코 부모님을 원망하지는 안습니다.	Growing up as a half-blood of the spirit folk was hard, but I never resented my parents.
그분들은 저에게 자신들이 할 수 있는 최선의 노력으로 절 키워주셨으니까요.	They raised me with the very best they were able to give.
물의 엘라임이시여. 진리와 의의 표상인 당신이 어떤 일을 하셔도, 우리는 순결한 마음으로 당신을 섬기겠습니다. 당신의 고요한 나라에 거하는 모든 사람들이 순결한 마을을 통해 성숙을 얻게 하소서.  물은 당신을 정화해주는 영혼의 거울과 같습니다. 항상 이것을 기억해 두세요.무엇을 도와드릴까요?	Elaim of the water. Whatever you may do, you who are the emblem of truth and righteousness, we will serve you with a pure heart. Let all who dwell in your quiet land come to maturity through a pure heart. Water is the mirror of the soul that cleanses you. Always remember this. How may I help you?
피의 성서 징표를 빌리고 싶습니다.	I would like to borrow the token of the Blood Bible.
아우스터즈 마을로 가고 싶습니다.	I want to go to the Ousters' village.
제 보관함을 보고 싶습니다.  	I would like to see my storage.
제 아이템을 수리하고 싶습니다.	I would like to repair my item.
자유대결지대(바나툴)로 가고 싶습니다.	I want to go to the free duel zone (Banatul).
사람은 누구나 거짓이든 진실이든, 밝든 어둡든 자기의 믿음을 드러냅니다.	Everyone reveals their own faith, whether false or true, whether bright or dark.
또한 마음속에 의심이 일어나면 어디서나 믿음과 헌신이 그 영혼을 안내할 것입니다.	And when doubt rises in the heart, faith and devotion will guide that soul wherever it is.
제 동료들은 지금 얼어 붙은 티모르 호수에 봉인되어 있습니다.	My companions are sealed in the frozen Lake Timore even now.
하루라도 빨리 그들을 구할 수 있는 방편을 마련해야 하는데, 아직 저의 힘으로는……	I must find a way to save them as soon as I can, but with my strength as it is...
각 속성에 따른 정령들은 정령마다 그 계급이 있습니다. 하급 운디네, 중급 운다인,……	The spirits of each element have their own ranks. Undine at the lowest, Undain in the middle...
상급인 엔다이론, 최상급은 엘레스트라이며 물의 정령의 왕은 엘라임이라고 칭하고 있습니다.	Endiron above them, Elestra highest of all, and the king of the water spirits is called Elaim.
다덴 마켓에서 구입하거나 선물을 받은 물건은 이 장바구니에 보관 됩니다. 보관된 물건들도 저에게 찾아가시면 되고요. 알고 계신가요? 장바구니는 보관함과 다르게 선물 받은 물건이나 구입한 물건을 맡아 주는 기능만 할 뿐, 자신의 물건을 보관함과 같이 저장하는 것은 안됩니다. 혹시 구입한 물건들이 다 장바구니에 보이지 않는 것은, 없어진 것이 아니라 현재 장바구니의 물건들을 찾아 가신 후에, 보이게 될 테니 염려하지 마세요. 그럼 장바구니를 살펴 보실래요?	Anything you buy in the Darden Market or receive as a gift is held in this basket. You collect those from me too. Did you know? Unlike storage, the basket only holds gifts and purchases for you; it will not keep your own belongings the way storage does. And if not everything you bought is showing in the basket, it has not been lost. It will appear once you collect what is in there now, so do not be concerned. Shall we take a look at your basket, then?
COME BACK,2005 이벤트 대상자로부터 추천을 받으셨다고요? 좋은 일 하셨군요. 가만 있을 수 없네요. 이 아이템 받아가세요. 앞으로도 추천 많이 부탁드립니다.	You were recommended by someone eligible for the COME BACK 2005 event? That was good of you. I cannot let that pass. Take this item. And please keep the recommendations coming.
땅의 노아스여, 귀한 말씀과 고결한 행동을 내게 가르치사 깨끗한 생각과 순수한 마음으로 당신을 경배하게 하소서. 땅이여, 나로 하여금 당신의 능력으로 진리가 넘치는 새 삶을 누리게 하소서.안녕하신가. 땅의 정령 '시오람'이라고 하네.내게 무슨 볼일이지?	Noas of the earth, teach me precious words and noble deeds, that I may worship you with clean thought and a pure heart. O earth, let me live a new life overflowing with truth by your power. Good day. I am Sioram, the spirit of earth. What business have you with me?
길드 때문에 찾아왔습니다.	I have come about a guild.
자유 대결 지대로 가고 싶습니다.	I want to go to the free duel zone.
대지 정령의 뿔을 이용하기 위한 계약을 맺고 싶습니다.	I would like to make the pact for using the horns of the earth spirit.
피의 성서의 징표를 빌리고 싶습니다.	I would like to borrow the token of the Blood Bible.
페로나 국도로 가고 싶습니다.	I want to go to the Perona highway.
자유 대결 지대는 종족에 관계없이 대결을 즐길 수 있는 '바나툴'이 있다네.	The free duel zone has "Banatul", where you can duel regardless of kind.
길드때문이라... 구체적으로 어떤 것을 원하는건가?	About a guild... what exactly is it you want?
길드를 등록하려고 왔습니다.	I have come to register a guild.
대기 길드 리스트를 열람하고 싶습니다.	I would like to view the pending guild list.
길드 리스트를 열람하고 싶습니다.	I would like to view the guild list.
길드을 탈퇴하고 싶습니다.	I would like to leave my guild.
길드를 탈퇴하겠다고? 신중하게 생각해 보았다면 알겠네. 자네의 탈퇴 신청을 받아들이지. 하지만 이것만은 알아두게. 이곳을 탈퇴한다고 해도 바로 다른 길드로 갈 수는 없다네. 자네 손으로 서약을 깼으니, 다른 곳으로 가려고 해도 실시간으로 일주일이나 지나야 하네. 그리 쉽지는 않을게야~	Leaving your guild, you say? If you have thought it over carefully, so be it. I accept your withdrawal. But understand this. Leaving here does not mean you can go straight to another guild. You broke the oath with your own hands, so even to go elsewhere a full week of real time must pass. It will not be easy.
대지 정령과의 계약에 응하면 대지 정령의 뿔이 있는 곳들은 자유롭게 이동이 가능하다네. 물론 이를 이용할 때마다 그에 상응하는 대가를 지불해야만 하지. 이를 관장하는 대지의 요정들은 탐욕스럽기 짝이 없거든. 그것도 상대를 보아가면서 그 금액을 달리부른다네. 그래, 어떤가? 대지정령과 계약을 맺도록 하겠나?	Accept the pact with the earth spirit and you may travel freely between the places where the horns of the earth spirit stand. Each use costs a price to match, of course. The earth fairies who govern them are greedy beyond measure. And they set the sum by the look of whoever asks. Well? Shall we make the pact with the earth spirit?
예, 대지정령의 가호 아래 저의 작은 영혼을 맞기고 싶습니다.	Yes, I would place my small soul under the earth spirit's protection.
생각해보도록 하겠습니다.	I will think it over.
자네는 이미 계약을 맺고 있지 않은가. 걱정말고 이용해도 좋다네.	Have you not already made the pact? Use it freely and do not worry.
그렇군요. 실례했습니다.	I see. Excuse me.
의와 순결을 따르는 자는 낙원의 빛을 영원한 안식처로 누리게 될 것이다.	Those who follow righteousness and purity will hold the light of paradise as their eternal rest.
그러나 빛을 찾지 못한 자는 탄식과 불안의 어둠 속에 영원히 머물게 될 것이다.	But those who do not find the light will remain forever in the darkness of lament and unease.
난 여행을 좋아한다네. 자네는 어떤가? 새로운 세상과 사람들, 문화까지, 이 모든 것이 여행의 참다운 매력이라 할 수 있지.	I love to travel. And you? New lands, new people, new cultures too. All of it is the true charm of travel.
그대들도 기회가 된다면 여행을 즐겨보게나. 많은 것을 배울 수 있다네.	Do enjoy travelling if you get the chance. There is much to learn from it.
여행도 즐겁지만, 지금은 자네들과 함께 하는 이 생활이 나의 가장 큰 기쁨이지.	Travel is a pleasure, but this life alongside you is my greatest joy just now.
어려운 일이 있다면 주저 말고 나를 찾아 오게나.	If anything troubles you, come to me without hesitation.
대지 정령의 뿔을 이용하고 싶다면 나를 통해 계약을 하도록 하게.	If you wish to use the horns of the earth spirit, make the pact through me.
길드 차원에서 모금에 참여하고 싶습니다.	I would like to give on behalf of my guild.
죄송합니다. %(UserName)님께서는 현재 길드에 가입되어 있지 않으시거나 정식 길드원이 아니시군요. 길드에 가입되어 있지 않으신 분께서는 개인으로 참여해 주시기 바랍니다.	I am sorry. You are not currently in a guild, %(UserName), or you are not yet a full member. If you are not in a guild, please give as an individual.
감사합니다. %(UserName)님께서는 %(GuildName)의 길드원으로써 %(GuildName)의 이름으로 성금을 기부하시는군요. 지금 기부하신 금액은 길드 이름으로 홈페이지를 통하여 게시하도록 하겠습니다. 게시되는 금액은 합산금액으로 표기됩니다. %(GuildName)의 이름으로 모아주신 소중한 성금은 꼭 필요한 곳, 온정의 손길이 필요로 한곳에 유용하게 쓰여질 것입니다.	Thank you. As a member of %(GuildName), you are donating in the name of %(GuildName), %(UserName). The amount you have given will be posted on the homepage under the guild's name. Posted amounts are shown as a running total. The precious donations gathered in the name of %(GuildName) will be put to good use where they are truly needed, where a kind hand is wanted.
카리사스여, 당신의 귀한 가르침을 아는 신실한 성도는 과연 어디에 있습니까?어려움과 곤경에 빠져도 나는 당신을 떠나지 않을 것이며, 당신의 가르침을 널리 펴겠습니다. 나의 카리사스여, 나는 오직 당신만을 인정합니다.그리하오니 당신만이 나의 안식처이자 나의 구원자가 되어 주소서.라비니아님을 보좌하고 있는 마네스쿠 입니다.무엇을 일이십니까?	Carissas, where is the faithful believer who knows your precious teaching? Though hardship and distress befall me, I will not leave you, and I will spread your teaching far and wide. My Carissas, I acknowledge you alone. Be therefore my only rest and my only saviour. I am Manescu, aide to Lady Lavinia. What is your business?
새로운 무기를 구입하고 싶습니다.	I would like to buy a new weapon.
성향을 조정하고 싶습니다.	I would like my alignment adjusted.
'승직'에 대해 알려주시겠습니까?	Would you tell me about "advancement"?
승직 아이템이 필요해서 왔습니다.	I have come because I need an advancement item.
카리사스님의 뜻을 어기다니.. 간단히 끝날 문제는 아니군요. 하지만 지금은 전시이니 만큼, 서로 이득이 될만한 방법으로 해결하죠. 기부를 하신다면 성향을 조정해 드리겠습니다. 물론 기부금의 액수에 따라 차이가 있다는 것은 기억하십시오. 어떻게 하시겠습니까?	To have gone against Carissas' will... this is not a matter that ends simply. But since we are at war, let us settle it in a way that profits us both. Make a donation and I will adjust your alignment. Remember that the effect varies with the size of the donation, of course. What will you do?
10000자드 기부하겠습니다.	I will donate 10,000 zad.
50000자드 기부하겠습니다.	I will donate 50,000 zad.
100000자드 기부하겠습니다.	I will donate 100,000 zad.
500000자드 기부하겠습니다.	I will donate 500,000 zad.
1000000자드 기부하겠습니다.	I will donate 1,000,000 zad.
저에겐 부담이 많은 금액이군요. 다음에 찾아 뵙겠습니다.	That sum is a heavy burden for me. I will call on you another time.
우리가 세상을 새롭게 하는 당신의 신실한 종이 되게 하소서.	Make us your faithful servants, who renew the world.
제가 모시는 분은 카리사스님이지 당신들이 아닙니다. 본인이 해결할 수 있는 일은 스스로 해결하시죠.	The one I serve is Carissas, not you. Settle what you can settle yourself.
전 언제나 카리사스 당신의 완벽한 부활을 원합니다. 지금의 불안정한 육신을 버리시고 다시 당신의 완벽한 모습 그대로를 보여주십시오.	I long always for your perfect resurrection, Carissas. Cast off this unstable flesh and show us your perfect form once more.
제가 존재의 이유는 '카리사스'님 이십니다. 제가 살아가야 하는 이유를 주신 분이죠.	The reason I exist is Carissas. She is the one who gave me a reason to live.
카리사스여 당신께 여쭈니 말씀해 주소서. 어떻게 해야 진리와 의를 통해 , 생각을 따라 움직이는, 감각이라는 열 마리 말을 제어할 수 있습니까?	Carissas, I ask you: speak to me. How, through truth and righteousness, am I to rein in the ten horses called the senses, which run wherever thought leads?
당신이 그럴만한 자격이 있는지 의심스럽지만 궁금하다니 알려드리죠.\n\t\t우리의 힘은 무한한 것입니다. 다만, 지금까지 무의미한 폭력을 사용하지 못하도록 제한해 왔을 뿐이죠. 하지만 외세의 힘이 점점 커지는 걸 두고 볼 수만은 없게 되었지요. 이제 그 힘을 개방할 때가 된 것입니다. 좀 더 강한 능력을 지닌 전사로 거듭나는 것이죠. 물론 인정받기란 쉽지 않은 것입니다. 금기시되던 기술과 장비를 사용할 자격을 얻는 것에 그 정도의 노력은 필요하지 않겠습니까.	I doubt you are worthy of it, but since you ask I will tell you.\n\t\tOur power is boundless. We have only held it back until now, so that no meaningless violence be done. But we can no longer stand by while outside forces grow ever stronger. The time has come to release that power. To be reborn as a warrior of greater ability. Being recognised is not easy, of course. Earning the right to use forbidden techniques and equipment demands at least that much effort, does it not?
설명해 주셔서 감사합니다.	Thank you for explaining.
정령사에게 있어 무엇보다 중요한 것은 정령왕의 소환이나 강한 힘의 추구가 아닌 자연을 사랑하고 아끼는 마음일 것입니다.	For a spirit caller, what matters above all is not summoning the spirit kings or pursuing great power, but a heart that loves and cherishes nature.
4대원소의 정령왕을 모두 불러내는 것도 가능하다고 들었습니다.	I hear it is even possible to call forth the spirit kings of all four elements.
이곳 아담의 성지는 우리 아우스터즈들이 지켜야 합니다.	Adam's holy ground here must be protected by us Ousters.
피의 성서를 수호하는 것이야 말로 아우스터즈의 사명입니다.	Guarding the Blood Bible is the very mission of the Ousters.
최강의 정령사라 불리던 저 또한 이 입구를 지키는 것이 고작이군요.	Even I, once called the greatest of spirit callers, can do no more than guard this entrance.
정령왕을 소환하는 것은 보통의 정령사들에게는 꿈과 같은 이야기죠.	Summoning a spirit king is a thing of dreams for an ordinary spirit caller.
강인한 육체적 능력을 가지고 있음에도 이를 단련시키지 않으면 그저 나약한 존재가 되고 말것이다.	However strong a body you may have, leave it untrained and you will end up a feeble thing.
차크람이야 말로 진정한 무기이다. 과학이랍시고 만든 어설픈 슬레이어들의 무기나 뱀파이어들의 손톱은 우리의 차크람에 속수무책이지.	The chakram is the true weapon. The slayers' clumsy contrivances, made in the name of science, and the vampires' claws are helpless against our chakrams.
마법을 사용하는 아우스터즈들과는 우리는 소환하는 정령에 차이가 있다네…	We differ from the Ousters who use magic in the spirits we summon...
우리 전사 아우스터즈들은 정신계와 감정계, 기타 다양한 정령들의 도움과 가호를 받지. 그 힘을 차크람에 불어 넣는다는 것이 쉬운 일만은 아니라네…	We warrior Ousters receive the help and protection of the spirits of mind and emotion and many others. Breathing that power into a chakram is no easy matter...
일족 최강의 전사로 추앙 받던 내가 이곳을 지키고 있다. 감히 이땅을 더럽히는 자는 죽기를 각오해야 할 것이다.	I, who was revered as the strongest warrior of our people, guard this place. Anyone who dares defile this land had best be ready to die.
안녕하세요, 아우스터즈여. 제가 도와드릴 일이라도 있나요?	Hello, Ouster. Is there anything I can help you with?
괜찮은 악세사리가 있으면 보고 싶어요.	I would like to see a decent accessory if you have one.
갖고 있는 아이템들을 팔고 싶습니다.	I would like to sell the items I have.
전쟁 참가서를 보고 싶은데요.	I would like to see the war application form.
아뇨, 잠깐 들러본 것뿐이에요. 수고하세요 엘루니아.	No, I only stopped by. Keep up the good work, Elunia.
성을 차지하기 위한 길드전쟁을 신청하고 싶군요.	I would like to apply for a guild war to take a castle.
전쟁 대기 리스트를 보고 싶습니다.	I would like to see the war waiting list.
종족 전쟁에 참가 신청을 하겠어요.	I will apply to take part in the race war.
다시 생각해 봐야겠군요. 이만 가보겠습니다.	I had better think it over. I will be on my way.
드디어 아우스터즈들도 깊은 잠에서 깨어났군요.	So the Ousters have woken from their deep sleep at last.
마을에 계시는 라비니아님은 안녕하신가요?	Is Lady Lavinia in the village keeping well?
슬레이어와 뱀파이어, 아우스터즈의 참혹한 전쟁이 기억나는군요.	I remember the terrible war between slayers, vampires and Ousters.
저도 아우스터즈로써 종족을 위해 싸워보고 싶어요.	As an Ouster I want to fight for our people too.
그나저나 요즘은 장사가 안되 큰일이군요.	Trade is poor these days, which is a real worry.
어서오세요. 제 도움이 필요하신가요?	Welcome. Do you need my help?
괜찮습니다. 수고하세요.	No, thank you. Keep up the good work.
현재 자신의 선택한 계급스킬이 부적합 할 경우, 일정 금액을 지불하면, 해당 계급스킬을 지워줄께요. 각 단계의 계급 스킬들은 단 한번씩만 삭제할 수 있고, 삭제 된 후에는 다시 원하시는 스킬을 선택하여 배울 수 있어요. 어떤걸 지울거죠? 원하는 계급을 말씀하세요.	If the rank skill you have chosen does not suit you, pay a certain sum and I will wipe it for you. Each tier of rank skill can be deleted only once, and after deletion you can choose and learn whichever skill you want. Which will it be? Tell me the rank you want.
예소드 : 500,000 자드	Yesod : 500,000 zad
호드 : 2,000,000 자드	Hod : 2,000,000 zad
네차크 : 10,000,000 자드	Netzach : 10,000,000 zad
티파레트 : 50,000,000 자드	Tiferet : 50,000,000 zad
게브라 : 100,000,000 자드	Gevurah : 100,000,000 zad
쳬세드 : 500,000,000 자드	Chesed : 500,000,000 zad
아… 장부만 보면 머리가 아프다니까…	Ah... one look at the ledgers and my head aches...
아담의 성지를 지키는게 우리의 일이죠.	Guarding Adam's holy ground is our work.
라비니아님이 그리워지는군요.	I find myself missing Lady Lavinia.
아담의 성지에는 강한 몬스터들이 아주 많아요.	There are a great many strong monsters in Adam's holy ground.
내게 볼일이 있어 왔군. 무슨 일인지 한번 들어볼까?	You have business with me. Let us hear what it is.
길드 수익금 때문에 왔습니다.	I have come about the guild's takings.
아우스터즈 마을로 이동하고 싶습니다.	I would like to travel to the Ousters' village.
아뇨, 별일 아닙니다. 수고하십시오.	No, it is nothing. Keep up the good work.
라비니아님 소식이 전해 들리지 않아. 내가 직접 찾아 봐야할 텐데..	No word of Lady Lavinia reaches us. I shall have to go and look myself...
지금이라도 당장 싸우러 나가고 싶지만...	I would go out and fight this very moment, but...
자네들은 혹시 라비니아님에 대한 소식을 들은 것이 없는가?	Have you heard any news of Lady Lavinia?
뱀파이어든 슬레이어든 내가 나타났다 하면 모두들 도망가기 바쁘더군 하하하.	Vampire or slayer, the moment I appear they are all too busy running. Ha ha ha.
후훗.. 당신들이 있으니 이제 난 퇴물이로만 하하.	Heh heh... with you here I am past it now. Ha ha.
어머, 안녕하세요. 무슨 일로 저를 부르셨나요?	Oh, hello. What do you call me for?
저에게 어울릴만한 방어구를 보고 싶어요.	I would like to see armour that would suit me.
제가 가진 물건들을 사주실래요?	Would you buy the things I have?
전쟁참가 신청서를 보고 싶은데요.	I would like to see the war application form.
수고가 많으시군요. 인사차 들렸어요. 그럼 이만…	You work hard. I only stopped by to say hello. Until next time...
성을 차지하기 위한 길드전쟁을 신청하고 싶습니다.	I would like to apply for a guild war to take a castle.
수비측을 도와주기 위해 공성전을 신청하고 싶습니다.	I would like to apply for the siege on the defenders' side.
종족 전쟁에 참가신청을 하고 싶습니다.	I would like to apply to take part in the race war.
다시 생각해 봐야겠군. 이만 가보겠습니다.	I had better think it over. I will be on my way.
우리 아우스터즈의 부활로 다들 경계하고 있는 것 같더군요.	Everyone seems to be on their guard since we Ousters returned.
아담의 성지가 예전의 모습으로 돌아오길 빌고 있답니다.	I pray Adam's holy ground returns to what it once was.
사악한 뱀파이어들, 욕심많은 슬레이어들이 성지를 더럽히고 있군요.	Wicked vampires and greedy slayers are defiling the holy ground.
오셨습니까. 무슨 일로 저를 찾으셨습니까? 최선을 다해 도와드리겠습니다.	Welcome. What do you call me for? I will do everything I can to help.
제게 도움이 될만한 물품들이 있을까요?	Would you have any goods that might help me?
제 물건들을 팔고 싶은데 도와 주시겠어요?	I want to sell my things. Would you help?
계급 스킬을 초기화 하고 싶은데 도와 주시겠어요?	I want to reset my rank skills. Would you help?
수고가 많으시군요. 당신에게 언제나 고맙게 생각해요. 다음에 뵈요.	You work hard. I am always grateful to you. Until next time.
현재 자신의 선택한 계급스킬이 부적합 할 경우, 일정 금액을 지불하신다면, 해당 계급스킬을 삭제해 드리겠습니다. 각 단계의 계급 스킬들은 단 한번씩만 삭제할 수 있고, 삭제 된 후에는 다시 원하시는 스킬을 선택하여 사용할 수 있습니다.	If the rank skill you have chosen does not suit you, pay a certain sum and I will delete it for you. Each tier of rank skill can be deleted only once, and after deletion you may choose and use whichever skill you wish.
아니. 더 생각해 보고 오겠습니다.	No. I will think it over and come back.
제가 여기 있을 수 있다는 것이 기뻐요.	I am glad I can be here.
제가 도와드릴 일이라도 있나요? 얼마든지 말씀하세요. 도와드릴께요	Is there anything I can help with? Say the word and I will help.
감사합니다. 다음에 또 부탁드릴께요.	Thank you. I will ask you again next time.
지금 라비니아님이 어찌 지내시는지... 늘 걱정이군요...	How Lady Lavinia is faring just now... it worries me always...
예전에 뱀파이어를 만난 적이 있었어요. 정말 얼마나 무서웠던지...	I met a vampire once. How frightening it was...
보관되어 있는 물건이 너무 많아서 정리하기가 만만치 않네요.	There is so much in storage that keeping it in order is quite a task.
전 이곳에서 여러분들을 도울 수 있다는게 정말 기쁘답니다.	I am truly glad I can help you all here.
어서오십시오. 무엇을 도와 드릴까요?	Welcome. How may I help you?
전쟁에 참가할 아군을 데려오고 싶습니다.	I would like to bring in allies to take part in the war.
이만 돌아가겠습니다.	I will be on my way.
무기 취급 허가증 같은 건 저리 치워요… 어차피 내겐 그걸 확인할 방법도 없으니까요. 그렇다고 불법 무기상은 아닙니다. 그랬다면 벌써 잡혀 갔을 테니까요. 뭐, 나에 대한 건 너무 알려고 할 필요 없어요. 그냥 좀 특이한 상인 정도로 생각하는게 편할 겁니다. 그래, 나에게 무슨 볼 일이죠?	Put your firearms licence away... I have no way of checking it anyway. Not that I am an illegal arms dealer. I would have been arrested long ago if I were. Well, there is no need to know too much about me. Easier to think of me as a somewhat unusual trader. So, what business do you have with me?
혹시 '승직' 이란 것에 대해 알고 있나요?	Do you happen to know about this thing called "advancement"?
승직 아이템을 교환해준다는 소문이 있던데...	There is a rumour you exchange advancement items...
나중에 다시 오겠습니다.	I will come back later.
자세한 걸 말해 줄 수는 없지만 조금 알려드리죠.\n\t\t사람이란 누구나 성장에 한계란 걸 가지고 있다고 해요. 하지만 어떤 계기를 통해서 그 한계를 뛰어넘는 것도 가능합니다. 그 계기가 뭔지는 잘 모르지만 쉽게 되는 일은 아닐 겁니다. 물론 저는 애당초 한계에 도전할 생각 따윈 없습니다… 하하하\n\t\t아무튼 그 한계를 넘어서면 이제까지 묶여있던 제한에서 벗어나 능력이 상승하게 되죠. 당연히 더 강력한 전투기술의 습득도 가능할 겁니다. 가장 중요한 건 '기관'에 소속되지 않은 저 같은 녀석에게서 장비를 구해도 문제될 게 없다는 겁니다. 뭐, 이래저래 초월자가 되는 거죠.	I cannot tell you the details, but I will give you a little.\n\t\tEveryone has a limit to how far they can grow, they say. But it is possible to pass that limit given the right trigger. What the trigger is I do not know, but it will not come easily. I never had any intention of challenging my own limits, of course... ha ha ha.\n\t\tIn any case, pass that limit and you break free of the restraints that bound you and your ability rises. Naturally, stronger combat techniques become learnable too. The most important part is that there is then nothing wrong with getting equipment from someone like me, unattached to any "organisation". Well, one way or another you become a transcendent.
아, 그렇군요. 잘 알았습니다.	Ah, I see. Understood.
고대 문헌을 올드 드롭으로 교환하고 싶다고요?	You want to exchange an ancient text for an Old Drop?
2억 겔드 + 고대 문헌 1개를 올드 드롭과 교환하고자 한다.	I will exchange 200 million geld and 1 ancient text for an Old Drop.
아니다. 나중에 교환하겠다.	No. I will exchange it later.
2억 레이 + 고대 문헌 1개를 올드 드롭과 교환하고 싶습니다.	I would like to exchange 200 million lei and 1 ancient text for an Old Drop.
아닙니다. 나중에 교환하겠습니다.	No. I will exchange it later.
2억 자드 + 고대 문헌 1개를 올드 드롭과 교환하고 싶습니다.	I would like to exchange 200 million zad and 1 ancient text for an Old Drop.
무슨 일로 왔는가?	What brings you here?
라옴 던전 B5F로 이동하고 싶습니다	I want to go to Laom Dungeon B5F.
슬레이어 전용 아실리온 던전으로 이동하고 싶습니다.	I want to go to the slayer-only Asilion Dungeon.
메네그로스 던전으로 이동하고 싶습니다.	I want to go to Menegroth Dungeon.
헬가든 던전으로 이동하고 싶습니다.	I want to go to Helgarden Dungeon.
이벤트 지역으로 이동하고 싶습니다.	I want to go to the event area.
슬레이어 전용 헬가든 던전으로 이동하고 싶습니다.	I want to go to the slayer-only Helgarden Dungeon.
이제 그만 가보겠습니다.	I will be on my way now.
뱀파이어 전용 아실리온 던전으로 이동하고 싶습니다.	I want to go to the vampire-only Asilion Dungeon.
뱀파이어 전용 헬가든 던전으로 이동하고 싶습니다.	I want to go to the vampire-only Helgarden Dungeon.
아우스터즈 전용 아실리온 던전으로 이동하고 싶습니다.	I want to go to the Ouster-only Asilion Dungeon.
아우스터즈 전용 헬가든 던전으로 이동하고 싶습니다.	I want to go to the Ouster-only Helgarden Dungeon.
더러운 늑대의 주사액을 5개 모아왔습니다.	I have gathered 5 filthy wolf injections.
깨끗한 늑대의 주사액을 5개 모아왔습니다.	I have gathered 5 clean wolf injections.
순수한 늑대의 주사액을 5개 모아왔습니다.	I have gathered 5 pure wolf injections.
최근 아담의 성지 중앙에서 뭔가 심상치 않은 활동이 나타난다고 합니다. 아담의 성지 중앙 제단으로 가면 실마리를 찾을수 있을련지도 모르겠군요.	They say something out of the ordinary has been stirring in the centre of Adam's holy ground lately. You might find a thread to follow at the central altar there.
알았습니다. 정보 감사합니다.	Understood. Thank you for the information.
후우.. 여기까지 오다니.. 대단해.. 또 하나의 희생양이 찾아왔나보군..　　　　　　　그래, 너의 힘을 시험해보고 싶은데.. 나의 레어에 들어오고 싶은가? 　　　　　　　　 　　　　　　　　 　　　　　　　　 　　　　　　　　 　　　　　　　　 　　　　　　원한다면 들여보내주도록 하지..	Hoo... to have come this far... impressive... another sacrifice has come along, it seems. So, I should like to test your strength. Do you wish to enter my lair? If you wish it, I will let you in...
두렵지 않습니다. 원하는대로 해드리지요.	I am not afraid. Do as you wish.
아직은 때가 아닌거 같습니다.	It seems the time is not yet right.
헬가 상하층을 자유롭게 이동할수있습니다.	You can travel freely between the upper and lower levels of Helga.
헬가든 하층으로 이동하고싶습니다.                         	I want to go to the lower level of Helgarden.
헬가든 중층으로 이동하고 싶습니다.   	I want to go to the middle level of Helgarden.
헬가든 상층으로 이동하고싶습니다.    	I want to go to the upper level of Helgarden.
전진 페로나 마을로 돌아가고싶습니다.                                                 	I want to return to Advance Perona village.
레벨 150이하들만 입장할수있는 훈련소라네	This training ground admits only those of level 150 and below.
훈련소로 이동하고싶습니다.                                	I want to go to the training ground.
이그니스 던전으로 이동하고시습니다.             	I want to go to Ignis Dungeon.
스위퍼 전장지역으로 이동할수있습니다.   	You can travel to the Sweeper battle zone.
전장지역 1층으로 이동합니다.                              	I am going to battle zone floor 1.
전장지역 2층으로 이동합니다.                              	I am going to battle zone floor 2.
전장지역 3층으로 이동합니다.                              	I am going to battle zone floor 3.
전장지역 4층으로 이동합니다.                              	I am going to battle zone floor 4.
슬레이어의 스킬을 배울수있습니다.       	You can learn slayer skills.
도 슬레이어의 스킬을 배우고싶습니다.                      	I want to learn blade slayer skills.
검 슬레이어의 스킬을 배우고싶습니다.                      	I want to learn sword slayer skills.
총 슬레이어의 스킬을 배우고싶습니다.                      	I want to learn gun slayer skills.
힐 슬레이어의 스킬을 배우고싶습니다.                      	I want to learn heal slayer skills.
인챈 슬레이어의 스킬을 배우고싶습니다.                    	I want to learn enchant slayer skills.
구시온의 방에서 살아남으십시오.         	Survive in Gusion's chamber.
구시온의 성 1F로 이동하고싶습니다.                        	I want to go to Gusion's Castle 1F.
구시온의 성 2F로 이동하고싶습니다.                        	I want to go to Gusion's Castle 2F.
구시온의 성 3F로 이동하고싶습니다.                        	I want to go to Gusion's Castle 3F.
구시온의 성 4F로 이동하고싶습니다.                        	I want to go to Gusion's Castle 4F.
티모르 호수 SE 성 입구로 가고싶습니다.                    	I want to go to the Lake Timore SE castle entrance.
카오스 온라인 유료 헬기!취소 = ESC      	Chaos Online paid helicopter! Cancel = ESC
에슬라니안 던전으로 이동하고싶습니다.                     	I want to go to Eslanian Dungeon.
림보성 던전으로 이동하고싶습니다.                         	I want to go to Limbo Castle Dungeon.
지하수로로 이동하고싶습니다.                              	I want to go to the underground waterway.
로스트 타이얀 1층으로 이동하고싶습니다.                   	I want to go to Lost Taiyan floor 1.
로스트 타이얀 2층으로 이동하고싶습니다.                   	I want to go to Lost Taiyan floor 2.
바토리 던전 4층으로 이동하고싶습니다.                     	I want to go to Bathory Dungeon floor 4.
러스트 타워 1층으로 이동하고싶습니다.                     	I want to go to Lust Tower floor 1.
러스트 타워 2층으로 이동하고싶습니다.                     	I want to go to Lust Tower floor 2.
라센외성 1층으로 이동하고싶습니다.                        	I want to go to Rasen Outer Castle floor 1.
라센 내성 1층으로 이동하고싶습니다.                       	I want to go to Rasen Inner Castle floor 1.
라센 내성 2층으로 이동하고시습니다.                       	I want to go to Rasen Inner Castle floor 2.
힐라놈 지하 1F로 이동하고싶습니다.                        	I want to go to Hilanom Underground 1F.
힐라놈 지하 2F로 이동하고싶습니다.                        	I want to go to Hilanom Underground 2F.
라옴던전 1층으로 이동하고싶습니다.                        	I want to go to Laom Dungeon floor 1.
라옴던전 2층으로 이동하고싶습니다.                        	I want to go to Laom Dungeon floor 2.
라옴던전 3층으로 이동하고싶습니다.                        	I want to go to Laom Dungeon floor 3.
라옴던전 4층으로 이동하고싶습니다.                        	I want to go to Laom Dungeon floor 4.
라옴던전 5층으로 이동하고싶습니다.                        	I want to go to Laom Dungeon floor 5.
라옴던전 최하층으로 이동하고싶습니다.                     	I want to go to the lowest floor of Laom Dungeon.
질드레 레어로 이동하실수 있습니다.                        	You can travel to the Gilles de Rais lair.
IK OFFICE 로 이동하고싶습니다.                            	I want to go to IK OFFICE.
IK LAB 으로 이동하고싶습니다.                             	I want to go to IK LAB.
IK LAB 1F 로 이동하고싶습니다.                            	I want to go to IK LAB 1F.
IK LAB 2F 로 이동하고싶습니다.                            	I want to go to IK LAB 2F.
준저 터널 1층으로 이동하고싶습니다.                       	I want to go to Junjeo Tunnel floor 1.
준저 터널 2층으로 이동하고싶습니다.                       	I want to go to Junjeo Tunnel floor 2.
아이센 던전 1층으로 이동하고싶습니다.                     	I want to go to Icen Dungeon floor 1.
아이센 던전 2층으로 이동하고싶습니다.                     	I want to go to Icen Dungeon floor 2.
아이센 던전 3층으로 이동하고싶습니다.                     	I want to go to Icen Dungeon floor 3.
페이악 터널로 이동하고싶습니다.                           	I want to go to Peyak Tunnel.
고르고바 터널로 이동하고싶습니다.                         	I want to go to Gorgoba Tunnel.
칼리석굴로 이동하고싶습니다.                              	I want to go to Kali Cave.
베르나도 마을로 이동하고 싶습니다.                        	I want to go to Bernado village.
보스방으로 이동시켜드릴수있습니다.      	I can take you to the boss chamber.
악의 구시온방으로 이동하겠습니다.                         	I will go to the evil Gusion's chamber.
천의 구시온방으로 이동하겠습니다.                         	I will go to the heavenly Gusion's chamber.
악의 모르고스의 방으로 이동하겠습니다.                    	I will go to the evil Morgos' chamber.
천의 모르고스의 방으로 이동하겠습니다.                    	I will go to the heavenly Morgos' chamber.
오베르스트의 방으로 이동하겠습니다.                       	I will go to Oberst's chamber.
마스터 라클의 서식지로 이동하겠습니다.                    	I will go to Master Rakl's lair.
진 카오스 가디언의 방으로 이동하겠습니다.                 	I will go to the True Chaos Guardian's chamber.
진 뮤턴트 엣져의 방으로 이동하겠습니다.                   	I will go to the True Mutant Edger's chamber.
진 자이언트 오스의 방으로 이동하겠습니다.                 	I will go to the True Giant Os' chamber.
진 아이언티쓰의 방으로 이동하겠습니다.                    	I will go to the True Ironteeth's chamber.
진 리치젤의 방으로 이동하겠습니다.                        	I will go to the True Richzel's chamber.
오니블라의 방으로 이동하겠습니다.                         	I will go to Onibla's chamber.
취소하도록 하겠습니다.                                    	I will cancel.
< ��κ�Ÿ SE X:136 Y:97 -> Ƽ��ȣ�� NE X:129 Y: 148 -> �������� ���� "�ﺣ�׽�" �ٽ��. ������ �ٽ� ���� > �� ����Ʈ�Դϴ�.�.               	< Drobeta SE X:136 Y:97 -> Lake Timore NE X:129 Y: 148 -> visit "Gonbenis" in Bernado village again. Come back to me after meeting > is the quest.
정찰 임무를 하고오겠습니다.                               	I will go and carry out the scouting mission.
< 에슬라니안에 있는 알파대원을 만나고 오십시오. 보상 아이템을 두득히 드리도록 하겠습니다. 만난후 다시 저에게 와주시기 바랍니다.               	< Go and meet the alpha squad member in Eslanian. I will reward you generously. Please come back to me after meeting them.
내가 팔고있는 아이템들은 모두 승직한사람들만 구매할수있지.. 승직이 아니라면 그만두고 빨리 떠나게.. 승직용 방어구 구입을 원하는가?             	Everything I sell can only be bought by those who have advanced... if you have not advanced, drop it and be on your way. Do you want to buy advancement armour?
새로 들어온 방어구들을 구매하고싶습니다.                  	I would like to buy the armour that has just come in.
곤베니스 퀘스트를 1회 깨고 오셔야 베르나도 던전으로 입장하실수있습니다. 베르나도는 고옵션의 아이템을 드랍하는 지역입니다.                     	You must clear the Gonbenis quest once before you can enter Bernado Dungeon. Bernado is an area that drops high-option items.
베르나도 던전 1층으로 입장하고싶습니다.                   	I want to enter Bernado Dungeon floor 1.
베르나도 던전 2층으로 입장하고싶습니다.                   	I want to enter Bernado Dungeon floor 2.
베르나도 던전 3층으로 입장하고싶습니다.                   	I want to enter Bernado Dungeon floor 3.
베르나도 던전 4층으로 입장하고싶습니다.                   	I want to enter Bernado Dungeon floor 4.
모르고스 방에서 살아남으십시오.         	Survive in Morgos' chamber.
모르고스 성 1F로 이동하고싶습니다.                        	I want to go to Morgos' Castle 1F.
모르고스 성 2F로 이동하고싶습니다.                        	I want to go to Morgos' Castle 2F.
모르고스 성 3F로 이동하고싶습니다.                        	I want to go to Morgos' Castle 3F.
모르고스 성 4F로 이동하고싶습니다.                        	I want to go to Morgos' Castle 4F.
예. 살 만한게 있나 한번 보여주세요.	Yes. Show me whether you have anything worth buying.
제가 갖고 있는 몇 가지를 팔고 싶은데요.	There are a few things of mine I would like to sell.
악세서리를 한번 보여 주세요.	Please show me your accessories.
제가 가지고 있는 것들을 팔고 싶네요.	I would like to sell some of my things.
다덴 마켓에서 산 물건을 찾으러 왔습니다. 제 장바구니를 보여주세요	I have come to collect what I bought in the Darden Market. Please show me my basket.
내가 가 본 곳 중에서는 중국이 제일 아름다웠다네.	Of all the places I have been, China was the most beautiful.
다덴 마켓에서 구입한 물건을 확인하고 싶군. 장바구니를 보여주게.	I wish to check what I bought in the Darden Market. Show me the basket.
저는 슬레이어의 의상을 담당하고 있는 낸시입니다. 전투에 앞서 기본적인 장비들은 챙기셔야죠. 무턱대고 싸우러 나갔다가는 송장이 될 테니까요. 아~ 제게 좋은 물건들이 있는데...한번 보시겠어요?	I am Nancy, in charge of Slayer clothing. Before any battle you must have the basic gear; rush out to fight without it and you will end up a corpse. Oh, I have some fine things here... Would you like to take a look?
영원한 불사불멸의 존재들이여. 이곳으로 오십시오. 블라드님의 은총아래.. 당신들은 영원히 영원히 비참하지 않으며, 화려한 삶을 누릴 수 있을 것입니다. 제가.. 가진 물건들도 블라드님께서 친히 내려주신 것들입니다. 그만큼 최상이지요. 자~ 한번 보시겠습니까?	Eternal, immortal beings. Come here. Under Lord Vlad's grace... you will never know misery again, and you will live a life of splendour. The goods I carry were given to me by Lord Vlad himself. They are of the very highest quality. Now, will you take a look?
프리야... 당신에게 궁금한 것이 있습니다. 들어주시겠습니까?	Priya... there is something I would like to ask you. Will you hear me out?
그래요? 그럼.. 어디 한번 보도록 하죠.	Is that so? Then... let us have a look.
제가.. 가지고 있는 물건들도 여러 곳을 다니면서 모은 것입니다. 제것도 한번 봐주시지요.	The goods I carry... I gathered them on my travels to many places. Please take a look at mine as well.
커플 등록 때문에 왔습니다.	I have come about couple registration.
음.. 별로.. 볼 일이 없군요. 그럼.. 수고하십시오.	Hmm... I have no... business here after all. Well then... good day to you.
새로운 의상을 구입하고 싶습니다.	I would like to buy some new clothes.
다덴 마켓에서 산 물건을 찾으러 왔습니다. 제 장바구니를 보여주십시오.	I have come to collect what I bought in the Darden Market. Please show me my basket.
다덴마켓에서 구입하거나 선물을 받은 물건은 이 장바구니에 보관 됩니다. 보관된 물건들도 저에게 찾아가시면 되고요. 알고 계신가요? 장바구니는 보관함과 다르게 선물 받은 물건이나 구입한 물건을 맡아 주는 기능만 할 뿐, 자신의 물건을 보관함과 같이 저장하는 것은 안됩니다. 혹시 구입한 물건들이 다 장바구니에 보이지 않는 것은, 없어진 것이 아니라 현재 장바구니의 물건들을 찾아 가신 후에, 보이게 될 테니 염려하지 마세요. 그럼 장바구니를 살펴 보실래요?	Anything you buy in the Darden Market or receive as a gift is held in this basket. You collect those from me too. Did you know? Unlike storage, the basket only holds gifts and purchases for you; it will not keep your own belongings the way storage does. And if not everything you bought is showing in the basket, it has not been lost. It will appear once you collect what is in there now, so do not be concerned. Shall we take a look at your basket, then?
¡¦¡¦¡¦¡¦¡¦¡¦¡¦	......
